algoritmo,caso,tamanho,tempo_execucao,tempo_execucao,tempo_execucao,tempo_execucao,cpu_pico,cpu_pico,cpu_pico,cpu_pico,comparacoes,comparacoes,comparacoes,comparacoes,trocas,trocas,trocas,trocas,particoes,particoes,particoes,particoes,profundidade_recursao,profundidade_recursao,profundidade_recursao,profundidade_recursao,heapificacoes,heapificacoes,heapificacoes,heapificacoes
,,,mean,std,min,max,mean,std,min,max,mean,std,min,max,mean,std,min,max,mean,std,min,max,mean,std,min,max,mean,std,min,max
heap_sort,medio,1,6.249992293305695e-06,3.7560492354968997e-06,2.500019036233425e-06,1.550000160932541e-05,0.0,0.0,0.0,0.0,0.0,0.0,0,0,0.0,0.0,0,0,,,,,0.0,0.0,0,0,0.0,0.0,0.0,0.0
heap_sort,medio,4,1.4339995686896145e-05,1.5332265091866242e-05,6.399990525096655e-06,6.559997564181685e-05,0.0,0.0,0.0,0.0,6.65,0.48936048492959316,6,7,6.35,0.9880869341680841,4,8,,,,,2.35,0.48936048492959294,2,3,8.35,0.9880869341680844,6.0,10.0
heap_sort,medio,16,3.8919993676245214e-05,1.540134762424387e-05,2.400000812485814e-05,9.429996134713292e-05,0.0,0.0,0.0,0.0,80.85,1.5652475842498523,78,84,52.35,1.814415956487898,49,56,,,,,4.1,0.3077935056255462,4,5,60.35,1.814415956487898,57.0,64.0
heap_sort,medio,64,0.000161800003843382,3.493098438927744e-05,0.00011859997175633907,0.000208500016015023,0.0,0.0,0.0,0.0,571.6,5.174837907453831,562,580,330.2,4.237675629026144,322,335,,,,,6.05,0.22360679774997894,6,7,362.2,4.237675629026144,354.0,367.0
heap_sort,medio,256,0.0008536100009223446,0.00015447239493062096,0.0006652000010944903,0.0010829000384546816,0.00078125,0.0034938562148434213,0.0,0.015625,3306.1,18.741735020508294,3275,3346,1824.7,12.97000588402251,1801,1849,,,,,8.0,0.0,8,8,1952.7,12.97000588402251,1929.0,1977.0
heap_sort,medio,1024,0.00408013000851497,0.00042205403669329017,0.003631300001870841,0.005409499979577959,0.0015625,0.004809273525399159,0.0,0.015625,17324.7,31.27147683045829,17270,17396,9336.45,24.193246121484428,9294,9395,,,,,10.0,0.0,10,10,9848.45,24.193246121484428,9806.0,9907.0
heap_sort,medio,4096,0.01864219999697525,0.0005859997379229643,0.0174931000219658,0.019790899998042732,0.0171875,0.006987712429686842,0.0,0.03125,85660.65,53.09105881705434,85549,85760,45498.55,53.27927907683641,45414,45610,,,,,12.0,0.0,12,12,47546.55,53.27927907683641,47462.0,47658.0
heap_sort,medio,16384,0.09865382000571117,0.015650327578726083,0.08295720000751317,0.14491550001548603,0.096875,0.015707021560938592,0.078125,0.140625,408178.95,133.96443950777046,407951,408403,214767.1,85.75724612624978,214570,214876,,,,,14.0,0.0,14,14,222959.1,85.75724612624978,222762.0,223068.0
heap_sort,medio,65536,0.3878601100033848,0.030654629843451603,0.3526772999903187,0.4803408000152558,0.378125,0.027110731755446767,0.34375,0.453125,1894774.55,242.34088105717413,1894277,1895132,990073.4,160.03335178710734,989795,990364,,,,,16.0,0.0,16,16,1022841.4,160.03335178710734,1022563.0,1023132.0
heap_sort,medio,262144,1.8063473499933025,0.21376611257608963,1.5759366999845952,2.2509128999663517,1.79453125,0.2582556995951015,1.484375,2.484375,8627922.15,520.1714570570367,8626789,8628555,4484772.5,305.37405880227834,4484254,4485308,,,,,18.0,0.0,18,18,4615844.5,305.37405880227834,4615326.0,4616380.0
heap_sort,medio,1048576,8.090789050012244,0.31497350203974894,7.746428500046022,9.154708700021729,8.0203125,0.31581709891502896,7.65625,9.078125,38705714.95,978.0616962031777,38704028,38707365,20035895.85,665.9010733396598,20034508,20037036,,,,,20.0,0.0,20,20,20560183.85,665.9010733396598,20558796.0,20561324.0
heap_sort,melhor,1,0.0007510850060498342,0.0033255582215991125,4.399975296109915e-06,0.01487980003003031,0.00078125,0.0034938562148434213,0.0,0.015625,0.0,0.0,0,0,0.0,0.0,0,0,,,,,0.0,0.0,0,0,0.0,0.0,0.0,0.0
heap_sort,melhor,4,1.929000427480787e-05,1.0500617733795022e-05,8.90000956133008e-06,4.39999857917428e-05,0.0,0.0,0.0,0.0,7.0,0.0,7,7,8.0,0.0,8,8,,,,,3.0,0.0,3,3,10.0,0.0,10.0,10.0
heap_sort,melhor,16,4.211501218378544e-05,9.480571730486495e-06,2.7499976567924023e-05,6.009999196976423e-05,0.0,0.0,0.0,0.0,85.0,0.0,85,85,58.0,0.0,58,58,,,,,4.0,0.0,4,4,66.0,0.0,66.0,66.0
heap_sort,melhor,64,0.0002454949979437515,0.0001712845123252602,0.00015729997539892793,0.0009554999996908009,0.0,0.0,0.0,0.0,593.0,0.0,593,593,362.0,0.0,362,362,,,,,6.0,0.0,6,6,394.0,0.0,394.0,394.0
heap_sort,melhor,256,0.0010314050014130771,0.00023637926876228656,0.0008045000140555203,0.001400300010573119,0.0,0.0,0.0,0.0,3452.0,0.0,3452,3452,1972.0,0.0,1972,1972,,,,,8.0,0.0,8,8,2100.0,0.0,2100.0,2100.0
heap_sort,melhor,1024,0.006369399986579083,0.0014542176720746026,0.004240099980961531,0.00873259996296838,0.00625,0.007853510780469291,0.0,0.015625,18060.0,0.0,18060,18060,9968.0,0.0,9968,9968,,,,,10.0,0.0,10,10,10480.0,0.0,10480.0,10480.0
heap_sort,melhor,4096,0.03288088999979664,0.004483595325568332,0.025877200008835644,0.04534269997384399,0.02734375,0.011192974990802795,0.0,0.046875,88835.0,0.0,88835,88835,48360.0,0.0,48360,48360,,,,,12.0,0.0,12,12,50408.0,0.0,50408.0,50408.0
heap_sort,melhor,16384,0.13123238499683793,0.015798782557340338,0.11170760000823066,0.16884409997146577,0.12578125,0.016407228980816577,0.09375,0.15625,421566.0,0.0,421566,421566,226058.0,0.0,226058,226058,,,,,14.0,0.0,14,14,234250.0,0.0,234250.0,234250.0
heap_sort,melhor,65536,0.48723524999513756,0.05603674885396595,0.4005775999976322,0.6317517999559641,0.47890625,0.057415511082188786,0.390625,0.640625,1948406.0,0.0,1948406,1948406,1034492.0,0.0,1034492,1034492,,,,,16.0,0.0,16,16,1067260.0,0.0,1067260.0,1067260.0
heap_sort,melhor,262144,1.9491841200040654,0.20913135126075474,1.551199700043071,2.3869502000161447,1.9203125,0.20628862277924537,1.546875,2.359375,8849195.0,0.0,8849195,8849195,4664612.0,0.0,4664612,4664612,,,,,18.0,0.0,18,18,4795684.0,0.0,4795684.0,4795684.0
heap_sort,melhor,1048576,7.950783534999937,0.6482742038977672,7.385968099988531,9.78072159999283,7.85390625,0.6050957838963557,7.3125,9.546875,39624024.0,0.0,39624024,39624024,20803884.0,0.0,20803884,20803884,,,,,20.0,0.0,20,20,21328172.0,0.0,21328172.0,21328172.0
heap_sort,pior,1,9.069996303878725e-06,4.232589416641687e-06,4.499976057559252e-06,2.2899999748915434e-05,0.0,0.0,0.0,0.0,0.0,0.0,0,0,0.0,0.0,0,0,,,,,0.0,0.0,0,0,0.0,0.0,0.0,0.0
heap_sort,pior,4,1.718499988783151e-05,1.0335347677599538e-05,9.100011084228754e-06,5.8500037994235754e-05,0.0,0.0,0.0,0.0,6.0,0.0,6,6,4.0,0.0,4,4,,,,,2.0,0.0,2,2,6.0,0.0,6.0,6.0
heap_sort,pior,16,3.9004985592328015e-05,6.650639235839916e-06,2.7799978852272034e-05,5.479995161294937e-05,0.0,0.0,0.0,0.0,72.0,0.0,72,72,42.0,0.0,42,42,,,,,4.0,0.0,4,4,50.0,0.0,50.0,50.0
heap_sort,pior,64,0.00021125500206835567,6.0100623012101866e-05,0.00011749996338039637,0.0003328999737277627,0.0,0.0,0.0,0.0,525.0,0.0,525,525,288.0,0.0,288,288,,,,,6.0,0.0,6,6,320.0,0.0,320.0,320.0
heap_sort,pior,256,0.001092959992820397,0.00013916699668474608,0.0007083999807946384,0.0013747999910265207,0.0,0.0,0.0,0.0,3106.0,0.0,3106,3106,1642.0,0.0,1642,1642,,,,,8.0,0.0,8,8,1770.0,0.0,1770.0,1770.0
heap_sort,pior,1024,0.006061300000874325,0.0010309256593438703,0.0039502999861724675,0.008208999992348254,0.00546875,0.007646257577024889,0.0,0.015625,16407.0,0.0,16407,16407,8542.0,0.0,8542,8542,,,,,10.0,0.0,10,10,9054.0,0.0,9054.0,9054.0
heap_sort,pior,4096,0.031059494998771697,0.002639811917503873,0.025300399982370436,0.035940100031439215,0.0296875,0.0069877124296868435,0.015625,0.046875,82304.0,0.0,82304,82304,42530.0,0.0,42530,42530,,,,,12.0,0.0,12,12,44578.0,0.0,44578.0,44578.0
heap_sort,pior,16384,0.12801414000277872,0.01945578873099606,0.1005948000238277,0.16795759997330606,0.11875,0.02232847633098053,0.078125,0.15625,394520.0,0.0,394520,394520,203032.0,0.0,203032,203032,,,,,14.0,0.0,14,14,211224.0,0.0,211224.0,211224.0
heap_sort,pior,65536,0.4044762650009943,0.06244691759936173,0.33691600000020117,0.6026736999629065,0.3859375,0.06000359775397682,0.3125,0.5625,1839970.0,0.0,1839970,1839970,941220.0,0.0,941220,941220,,,,,16.0,0.0,16,16,973988.0,0.0,973988.0,973988.0
heap_sort,pior,262144,1.5077566050109454,0.11089692331696074,1.4197068000212312,1.9037667000084184,1.4921875,0.10854951650235357,1.375,1.875,8397651.0,0.0,8397651,8397651,4287044.0,0.0,4287044,4287044,,,,,18.0,0.0,18,18,4418116.0,0.0,4418116.0,4418116.0
heap_sort,pior,1048576,6.912401439997484,0.6260869089182559,6.361087700002827,8.62540399999125,6.84296875,0.6023757745855707,6.296875,8.484375,37875507.0,0.0,37875507,37875507,19292288.0,0.0,19292288,19292288,,,,,20.0,0.0,20,20,19816576.0,0.0,19816576.0,19816576.0
insertion_sort,medio,1,1.68000056874007e-05,6.186978822287755e-05,1.800013706088066e-06,0.00027959997532889247,0.0,0.0,0.0,0.0,0.0,0.0,0,0,0.0,0.0,0,0,,,,,0.0,0.0,0,0,,,,
insertion_sort,medio,10,5.974998930469155e-06,1.1999323548218547e-06,3.8000289350748062e-06,9.09995287656784e-06,0.0,0.0,0.0,0.0,31.1,6.0948641019347285,18,42,33.2,6.786984447804257,18,44,,,,,0.0,0.0,0,0,,,,
insertion_sort,medio,50,9.051500528585165e-05,2.591979345584613e-05,5.909998435527086e-05,0.00012839998817071319,0.0,0.0,0.0,0.0,665.5,59.949540185234575,550,774,668.9,60.243278725339565,554,780,,,,,0.0,0.0,0,0,,,,
insertion_sort,medio,100,0.0003614600078435615,0.0001076250746770141,0.00022009998792782426,0.0005517000099644065,0.0,0.0,0.0,0.0,2514.55,130.04350486623593,2239,2846,2518.5,130.66812118775118,2239,2848,,,,,0.0,0.0,0,0,,,,
insertion_sort,medio,500,0.010281170005328022,0.0020537376768251267,0.006131500005722046,0.012902500049676746,0.009375,0.00785351078046929,0.0,0.015625,62563.15,1696.9444761874672,59040,66152,62569.35,1697.0601290404968,59048,66159,,,,,0.0,0.0,0,0,,,,
insertion_sort,medio,1000,0.04533611000806559,0.009345064520552792,0.02610849996563047,0.058466500020585954,0.04140625,0.010481568644530264,0.015625,0.0625,250969.85,7000.124602462446,234518,261870,250976.55,7000.3882258884705,234525,261878,,,,,0.0,0.0,0,0,,,,
insertion_sort,medio,5000,0.7381124299980002,0.05370265798243586,0.6476614999701269,0.8652135000447743,0.72265625,0.048854844662934625,0.640625,0.828125,6289278.35,55664.40942901981,6203082,6404915,6289286.0,55664.54881558,6203089,6404925,,,,,0.0,0.0,0,0,,,,
insertion_sort,medio,10000,3.093859339991468,0.2572518926848819,2.5920355999842286,3.5795869000139646,3.04765625,0.2524792262005508,2.53125,3.546875,24886834.15,149609.78379711125,24674130,25191096,24886842.8,149610.09839213834,24674136,25191103,,,,,0.0,0.0,0,0,,,,
insertion_sort,medio,20000,11.00850031999289,0.9397293511432927,9.55956960003823,13.031589200021699,10.8828125,0.914176710701031,9.5,12.890625,99905686.25,453214.64009705494,99288478,100869461,99905696.2,453213.91877504316,99288484,100869469,,,,,0.0,0.0,0,0,,,,
insertion_sort,medio,50000,60.62982463000517,3.226635167135264,56.523819699999876,69.26850659999764,60.181249999999956,3.1407146000573185,56.171875,68.546875,624832821.6,1535256.078003367,622207614,627692791,624832831.45,1535255.5972796932,622207622,627692799,,,,,0.0,0.0,0,0,,,,
insertion_sort,melhor,1,0.0007032750057987869,0.0031291839766523903,1.700012944638729e-06,0.013997700007166713,0.00078125,0.0034938562148434213,0.0,0.015625,0.0,0.0,0,0,0.0,0.0,0,0,,,,,0.0,0.0,0,0,,,,
insertion_sort,melhor,10,4.915005411021411e-06,4.4827459977578965e-06,2.700020559132099e-06,2.3100001271814108e-05,0.0,0.0,0.0,0.0,9.0,0.0,9,9,9.0,0.0,9,9,,,,,0.0,0.0,0,0,,,,
insertion_sort,melhor,50,1.1370007996447384e-05,8.225522118614087e-06,6.799993570894003e-06,4.1000021155923605e-05,0.0,0.0,0.0,0.0,49.0,0.0,49,49,49.0,0.0,49,49,,,,,0.0,0.0,0,0,,,,
insertion_sort,melhor,100,1.428000396117568e-05,3.6826245191510385e-06,1.0899966582655907e-05,2.2799998987466097e-05,0.0,0.0,0.0,0.0,99.0,0.0,99,99,99.0,0.0,99,99,,,,,0.0,0.0,0,0,,,,
insertion_sort,melhor,500,8.230000385083258e-05,2.5270344007379708e-05,5.370000144466758e-05,0.0001249000197276473,0.0,0.0,0.0,0.0,499.0,0.0,499,499,499.0,0.0,499,499,,,,,0.0,0.0,0,0,,,,
insertion_sort,melhor,1000,0.0001663700066274032,4.084002353189418e-05,0.00011319998884573579,0.00023300002794712782,0.0,0.0,0.0,0.0,999.0,0.0,999,999,999.0,0.0,999,999,,,,,0.0,0.0,0,0,,,,
insertion_sort,melhor,5000,0.0007118250068742782,0.00018496028774051245,0.0005608000210486352,0.0012632000143639743,0.0,0.0,0.0,0.0,4999.0,0.0,4999,4999,4999.0,0.0,4999,4999,,,,,0.0,0.0,0,0,,,,
insertion_sort,melhor,10000,0.0012939249980263412,0.00019437936054383996,0.0011365999816916883,0.002027300011832267,0.00078125,0.003493856214843421,0.0,0.015625,9999.0,0.0,9999,9999,9999.0,0.0,9999,9999,,,,,0.0,0.0,0,0,,,,
insertion_sort,melhor,20000,0.0027490750013384967,0.0003429849398562806,0.0024286999832838774,0.0037218000506982207,0.0015625,0.004809273525399159,0.0,0.015625,19999.0,0.0,19999,19999,19999.0,0.0,19999,19999,,,,,0.0,0.0,0,0,,,,
insertion_sort,melhor,50000,0.0066382749995682385,0.00048335064446903593,0.006081799976527691,0.007716500025708228,0.00625,0.007853510780469291,0.0,0.015625,49999.0,0.0,49999,49999,49999.0,0.0,49999,49999,,,,,0.0,0.0,0,0,,,,
insertion_sort,pior,1,2.4204995133914055e-05,8.96441888705026e-05,1.9000144675374031e-06,0.0004048999981023371,0.0,0.0,0.0,0.0,0.0,0.0,0,0,0.0,0.0,0,0,,,,,0.0,0.0,0,0,,,,
insertion_sort,pior,10,1.6454991418868302e-05,2.2401096785785882e-05,7.099995855242014e-06,0.00010920001659542322,0.0,0.0,0.0,0.0,45.0,0.0,45,45,54.0,0.0,54,54,,,,,0.0,0.0,0,0,,,,
insertion_sort,pior,50,0.00014063999988138675,3.392482600644447e-05,0.0001200000406242907,0.00022739998530596495,0.0,0.0,0.0,0.0,1225.0,0.0,1225,1225,1274.0,0.0,1274,1274,,,,,0.0,0.0,0,0,,,,
insertion_sort,pior,100,0.0005295800016028807,4.3466129732062956e-05,0.0004807999939657748,0.0006285999552346766,0.0,0.0,0.0,0.0,4950.0,0.0,4950,4950,5049.0,0.0,5049,5049,,,,,0.0,0.0,0,0,,,,
insertion_sort,pior,500,0.015023124997969716,0.0035329285390541003,0.012427199981175363,0.0251134000136517,0.01015625,0.007646257577024891,0.0,0.015625,124750.0,0.0,124750,124750,125249.0,0.0,125249,125249,,,,,0.0,0.0,0,0,,,,
insertion_sort,pior,1000,0.05126475500583183,0.0033056610095605777,0.046576299995649606,0.05876939999870956,0.05078125,0.008595618815940329,0.03125,0.0625,499500.0,0.0,499500,499500,500499.0,0.0,500499,500499,,,,,0.0,0.0,0,0,,,,
insertion_sort,pior,5000,1.1940686650021235,0.05503545061423216,1.1201266000280157,1.2977163999457844,1.18046875,0.05768344414663901,1.078125,1.28125,12497500.0,0.0,12497500,12497500,12502499.0,0.0,12502499,12502499,,,,,0.0,0.0,0,0,,,,
insertion_sort,pior,10000,4.705801405000966,0.19540517460235543,4.523543199989945,5.24686329998076,4.66171875,0.19145197829162386,4.46875,5.203125,49995000.0,0.0,49995000,49995000,50004999.0,0.0,50004999,50004999,,,,,0.0,0.0,0,0,,,,
insertion_sort,pior,20000,18.85100841500389,0.9484415820653835,17.875801899994258,20.75199610000709,18.64921875,0.9373557317723697,17.703125,20.4375,199990000.0,0.0,199990000,199990000,200009999.0,0.0,200009999,200009999,,,,,0.0,0.0,0,0,,,,
insertion_sort,pior,50000,122.77582562499738,7.860011212973274,110.8733769999817,145.46185849996982,121.66875,7.627462663142414,110.296875,143.84375,1249975000.0,0.0,1249975000,1249975000,1250024999.0,0.0,1250024999,1250024999,,,,,0.0,0.0,0,0,,,,
merge_sort,medio,1,0.0003700599947478622,0.001602659426453351,3.100023604929447e-06,0.007178800005931407,0.00078125,0.0034938562148434213,0.0,0.015625,0.0,0.0,0,0,0.0,0.0,0,0,,,,,1.0,0.0,1,1,,,,
merge_sort,medio,4,9.980003233067691e-06,2.661942582710164e-06,7.399998139590025e-06,1.71000137925148e-05,0.0,0.0,0.0,0.0,4.7,0.470162345981627,4,5,8.0,0.0,8,8,,,,,3.0,0.0,3,3,,,,
merge_sort,medio,16,3.819499397650361e-05,1.651677912637266e-05,2.4300010409206152e-05,8.700002217665315e-05,0.0,0.0,0.0,0.0,46.1,1.5525869752736807,42,48,64.0,0.0,64,64,,,,,5.0,0.0,5,5,,,,
merge_sort,medio,64,0.00015914500399958343,6.033931825026227e-05,0.00011059996904805303,0.00037290004547685385,0.0,0.0,0.0,0.0,304.4,3.1689280937184243,299,309,384.0,0.0,384,384,,,,,7.0,0.0,7,7,,,,
merge_sort,medio,256,0.0008607749972725287,0.00012543385323355322,0.0005762000218965113,0.001087699958588928,0.0,0.0,0.0,0.0,1726.6,7.9233166898983205,1709,1738,2048.0,0.0,2048,2048,,,,,9.0,0.0,9,9,,,,
merge_sort,medio,1024,0.003519460003008135,0.0007142429063104302,0.0030536000267602503,0.005820199963636696,0.00234375,0.005724180445820675,0.0,0.015625,8952.55,19.508365277220914,8916,8986,10240.0,0.0,10240,10240,,,,,11.0,0.0,11,11,,,,
merge_sort,medio,4096,0.014878470005351118,0.0008044106549200976,0.013875000004190952,0.017358000040985644,0.01328125,0.005724180445820674,0.0,0.015625,43989.0,30.136531424762897,43939,44057,49152.0,0.0,49152,49152,,,,,13.0,0.0,13,13,,,,
merge_sort,medio,16384,0.07524077000271064,0.013501672807697722,0.06347980001010001,0.11681470001349226,0.07109375,0.014758019396692702,0.046875,0.109375,208670.05,60.465279293162354,208583,208788,229376.0,0.0,229376,229376,,,,,15.0,0.0,15,15,,,,
merge_sort,medio,65536,0.288564704998862,0.019114860768998574,0.2645374999847263,0.3419351000338793,0.28359375,0.01847036544497841,0.25,0.328125,965687.35,172.60093157033697,965301,965982,1048576.0,0.0,1048576,1048576,,,,,17.0,0.0,17,17,,,,
merge_sort,medio,262144,1.2513086300052236,0.09608004771762597,1.1676094000576995,1.4984182000043802,1.2421875,0.09409202959281268,1.15625,1.484375,4387176.9,327.309591092411,4386618,4387864,4718592.0,0.0,4718592,4718592,,,,,19.0,0.0,19,19,,,,
merge_sort,medio,1048576,5.719273204999626,0.17523722017546473,5.539925400051288,6.282455799984746,5.62109375,0.17843168139651325,5.4375,6.21875,19645716.2,878.7429778109525,19643925,19647172,20971520.0,0.0,20971520,20971520,,,,,21.0,0.0,21,21,,,,
merge_sort,melhor,1,9.645000682212413e-06,1.2037722171549817e-05,3.100023604929447e-06,5.500001134350896e-05,0.0,0.0,0.0,0.0,0.0,0.0,0,0,0.0,0.0,0,0,,,,,1.0,0.0,1,1,,,,
merge_sort,melhor,4,1.2135008000768721e-05,5.78484952401495e-06,7.299997378140688e-06,3.060000017285347e-05,0.0,0.0,0.0,0.0,4.0,0.0,4,4,8.0,0.0,8,8,,,,,3.0,0.0,3,3,,,,
merge_sort,melhor,16,3.6944999010302126e-05,3.175300132065488e-05,2.139998832717538e-05,0.00016039999900385737,0.0,0.0,0.0,0.0,32.0,0.0,32,32,64.0,0.0,64,64,,,,,5.0,0.0,5,5,,,,
merge_sort,melhor,64,0.00010686500754673034,2.8527814909917835e-05,9.210000280290842e-05,0.00020980002591386437,0.0,0.0,0.0,0.0,192.0,0.0,192,192,384.0,0.0,384,384,,,,,7.0,0.0,7,7,,,,
merge_sort,melhor,256,0.0004896200029179454,8.979834381312415e-05,0.0004251999780535698,0.000714800029527396,0.0,0.0,0.0,0.0,1024.0,0.0,1024,1024,2048.0,0.0,2048,2048,,,,,9.0,0.0,9,9,,,,
merge_sort,melhor,1024,0.002503500008606352,0.00043461608905787796,0.002150600019376725,0.0035536999930627644,0.003125,0.006412364700532213,0.0,0.015625,5120.0,0.0,5120,5120,10240.0,0.0,10240,10240,,,,,11.0,0.0,11,11,,,,
merge_sort,melhor,4096,0.011208265004097485,0.0011827371163876867,0.01036969997221604,0.015454199980013072,0.009375,0.00785351078046929,0.0,0.015625,24576.0,0.0,24576,24576,49152.0,0.0,49152,49152,,,,,13.0,0.0,13,13,,,,
merge_sort,melhor,16384,0.0678780049958732,0.0867529974094294,0.04478749999543652,0.4357030999963172,0.06484375,0.0806778628718299,0.03125,0.40625,114688.0,0.0,114688,114688,229376.0,0.0,229376,229376,,,,,15.0,0.0,15,15,,,,
merge_sort,melhor,65536,0.21588085499824955,0.011988005255776328,0.20036010001786053,0.2518597999587655,0.20234375,0.014758019396692704,0.171875,0.234375,524288.0,0.0,524288,524288,1048576.0,0.0,1048576,1048576,,,,,17.0,0.0,17,17,,,,
merge_sort,melhor,262144,0.9095524750009645,0.07673937748868799,0.8127018999657594,1.1477465000352822,0.88984375,0.06135358956330617,0.8125,1.03125,2359296.0,0.0,2359296,2359296,4718592.0,0.0,4718592,4718592,,,,,19.0,0.0,19,19,,,,
merge_sort,melhor,1048576,3.8579308249987663,0.1454949252448871,3.6009324999758974,4.300291399995331,3.77890625,0.14483598297888722,3.515625,4.234375,10485760.0,0.0,10485760,10485760,20971520.0,0.0,20971520,20971520,,,,,21.0,0.0,21,21,,,,
merge_sort,pior,1,0.0003614050045143813,0.0015794712841818625,3.8000289350748062e-06,0.007071800006087869,0.00078125,0.0034938562148434213,0.0,0.015625,0.0,0.0,0,0,0.0,0.0,0,0,,,,,1.0,0.0,1,1,,,,
merge_sort,pior,4,1.3065003440715372e-05,5.59241042605132e-06,6.89999433234334e-06,2.500001573935151e-05,0.0,0.0,0.0,0.0,4.0,0.0,4,4,8.0,0.0,8,8,,,,,3.0,0.0,3,3,,,,
merge_sort,pior,16,2.9065003036521376e-05,1.1487400147945759e-05,2.0799983758479357e-05,7.190002361312509e-05,0.0,0.0,0.0,0.0,32.0,0.0,32,32,64.0,0.0,64,64,,,,,5.0,0.0,5,5,,,,
merge_sort,pior,64,0.00012742498947773128,5.468093630478461e-05,9.250000584870577e-05,0.00031129998387768865,0.0,0.0,0.0,0.0,192.0,0.0,192,192,384.0,0.0,384,384,,,,,7.0,0.0,7,7,,,,
merge_sort,pior,256,0.0005497899983311072,0.00014676619855829638,0.000430300016887486,0.0009644999518059194,0.00078125,0.003493856214843421,0.0,0.015625,1024.0,0.0,1024,1024,2048.0,0.0,2048,2048,,,,,9.0,0.0,9,9,,,,
merge_sort,pior,1024,0.0033058449858799576,0.0034595081983476417,0.0021715000038966537,0.01794219994917512,0.00234375,0.005724180445820676,0.0,0.015625,5120.0,0.0,5120,5120,10240.0,0.0,10240,10240,,,,,11.0,0.0,11,11,,,,
merge_sort,pior,4096,0.011021680000703781,0.0005949783390190816,0.010317299980670214,0.012488300038967282,0.00859375,0.007975277898969381,0.0,0.015625,24576.0,0.0,24576,24576,49152.0,0.0,49152,49152,,,,,13.0,0.0,13,13,,,,
merge_sort,pior,16384,0.05835567500034813,0.010622521372386274,0.048434199998155236,0.0916778999962844,0.05546875,0.014758019396692697,0.03125,0.09375,114688.0,0.0,114688,114688,229376.0,0.0,229376,229376,,,,,15.0,0.0,15,15,,,,
merge_sort,pior,65536,0.2082749599998351,0.010339306561868685,0.1958895999705419,0.2338523999787867,0.1984375,0.019035653010241488,0.140625,0.234375,524288.0,0.0,524288,524288,1048576.0,0.0,1048576,1048576,,,,,17.0,0.0,17,17,,,,
merge_sort,pior,262144,0.873340359996655,0.08659290478234574,0.8208180000074208,1.1721612999681383,0.86015625,0.07779122780465199,0.796875,1.109375,2359296.0,0.0,2359296,2359296,4718592.0,0.0,4718592,4718592,,,,,19.0,0.0,19,19,,,,
merge_sort,pior,1048576,3.774273485012236,0.08680598611265544,3.601657100021839,3.9518527000327595,3.7,0.07714850256076539,3.578125,3.875,10485760.0,0.0,10485760,10485760,20971520.0,0.0,20971520,20971520,,,,,21.0,0.0,21,21,,,,
quick_sort,medio,1,0.0006503949960460886,0.002846969717780068,3.0999653972685337e-06,0.012745399959385395,0.0,0.0,0.0,0.0,0.0,0.0,0,0,0.0,0.0,0,0,0.0,0.0,0.0,0.0,0.0,0.0,0,0,,,,
quick_sort,medio,4,1.3399997260421515e-05,5.874826941540731e-06,7.599999662488699e-06,3.3999967854470015e-05,0.0,0.0,0.0,0.0,5.15,0.812727700887249,4,6,7.15,1.954078056944394,5,11,2.4,0.5026246899500346,2.0,3.0,2.4,0.5026246899500346,2,3,,,,
quick_sort,medio,16,2.588500501587987e-05,5.9597039703746085e-06,2.1600048057734966e-05,4.899996565654874e-05,0.0,0.0,0.0,0.0,50.85,6.830851068189781,40,62,47.5,7.323358447281441,37,64,10.5,0.8271701918685109,9.0,13.0,6.15,1.0894228312566052,4,8,,,,
quick_sort,medio,64,0.00010318499989807606,2.5825178493581045e-05,8.559995330870152e-05,0.00016650004545226693,0.0,0.0,0.0,0.0,362.3,32.54486781433644,306,447,253.9,28.99528092275489,216,308,42.55,1.468081454788779,40.0,45.0,10.8,1.2814465510343749,9,13,,,,
quick_sort,medio,256,0.0005200899933697656,0.00011538946896948754,0.00043219997314736247,0.0008009000448510051,0.0,0.0,0.0,0.0,2166.15,143.1580925888726,1867,2434,1402.2,111.19664894609957,1183,1677,169.6,3.8716241661879485,164.0,179.0,16.1,1.860956177543373,13,20,,,,
quick_sort,medio,1024,0.002595500001916662,0.0004830808204136655,0.00224910001270473,0.004429200023878366,0.0015625,0.004809273525399159,0.0,0.015625,11388.85,565.5613210737955,10233,12565,7186.45,818.8988418345056,6361,9384,682.25,5.874790029842498,672.0,696.0,21.1,1.5525869752736792,19,25,,,,
quick_sort,medio,4096,0.011555459993542173,0.0008580712480977505,0.010132099967449903,0.013045099971350282,0.0109375,0.007346286655962926,0.0,0.015625,57525.55,2980.8608165922033,52724,63336,33832.85,2803.3437792637633,29089,39759,2731.0,17.906188286382076,2698.0,2767.0,27.2,2.0157276340658816,23,31,,,,
quick_sort,medio,16384,0.05317156000237446,0.006790632977848061,0.04698349995305762,0.07304950000252575,0.05078125,0.009979162088414142,0.03125,0.0625,272451.8,10259.562613022366,256806,297093,157810.6,8745.387851529751,141983,178650,10923.45,22.110904668582652,10878.0,10961.0,32.55,2.0124611797498106,30,37,,,,
quick_sort,medio,65536,0.22731067500426433,0.03773654962702676,0.19599969999399036,0.3673488000058569,0.22578125,0.034185707881441665,0.1875,0.34375,1270842.95,46651.096925643564,1209142,1395653,726785.1,37103.89866293667,675788,813719,43703.95,49.35742358711467,43609.0,43802.0,38.35,1.9269556026896024,35,42,,,,
quick_sort,medio,262144,1.0224855600099545,0.11198348874907131,0.9043667999794707,1.2560108000179753,1.009375,0.11168841026195205,0.875,1.25,5832268.3,224222.76347796342,5522101,6329304,3281231.8,146214.51517569364,3034822,3599563,174750.4,118.89907263592426,174538.0,174940.0,43.3,2.515216847405743,40,47,,,,
quick_sort,medio,1048576,4.9831786549999375,0.6469572286537298,4.40658860001713,6.622533600020688,4.9203125,0.6126640321439596,4.375,6.40625,26006980.75,678175.7888804869,24825778,27429699,14482642.5,505337.1395845807,13748566,15638080,699015.1,195.1991965039653,698555.0,699488.0,49.6,2.3708759207472134,45,56,,,,
quick_sort,melhor,1,3.915003617294133e-06,2.0311504553427837e-06,2.3999600671231747e-06,9.600014891475439e-06,0.0,0.0,0.0,0.0,0.0,0.0,0,0,0.0,0.0,0,0,0.0,0.0,0.0,0.0,0.0,0.0,0,0,,,,
quick_sort,melhor,4,3.902500902768225e-05,0.0001009579916606118,6.499991286545992e-06,0.00046579999616369605,0.0,0.0,0.0,0.0,4.65,0.8750939799154206,4,6,6.75,1.6503588126605426,5,10,2.25,0.44426165831931935,2.0,3.0,2.25,0.44426165831931935,2,3,,,,
quick_sort,melhor,16,2.5459995958954097e-05,1.1112267165871049e-05,1.5700003132224083e-05,5.3800002206116915e-05,0.0,0.0,0.0,0.0,52.9,10.85260094946926,41,82,48.55,9.870077054037196,38,77,10.5,1.0,8.0,12.0,6.05,1.276302224561664,4,9,,,,
quick_sort,melhor,64,8.301000925712288e-05,2.299394056284199e-05,6.67999847792089e-05,0.00016540003707632422,0.0,0.0,0.0,0.0,355.0,30.890298255533075,301,439,265.75,40.19672021184656,207,345,41.45,1.1909748329127605,40.0,44.0,10.7,1.4179302929937962,9,15,,,,
quick_sort,melhor,256,0.00038229999772738666,8.107393738167467e-05,0.0003092000260949135,0.0006353000062517822,0.0,0.0,0.0,0.0,2111.15,177.7180721195645,1800,2416,1464.25,158.15611041991988,1250,1736,169.75,3.1098316082352375,165.0,175.0,15.4,1.635140425323255,13,18,,,,
quick_sort,melhor,1024,0.0018242499994812534,0.0002066268133297858,0.001580099982675165,0.002337799989618361,0.00078125,0.0034938562148434213,0.0,0.015625,11349.25,579.969134841175,10528,12294,7161.2,756.0111806469253,6062,9005,682.85,5.7790456323732755,675.0,693.0,21.6,1.9029063643750173,18,27,,,,
quick_sort,melhor,4096,0.008027130001573823,0.000729947713904466,0.006914000026881695,0.009572500013746321,0.00546875,0.007646257577024889,0.0,0.015625,57217.9,3434.175131174726,52412,65265,34192.55,2628.7478403024393,30877,40383,2729.05,11.677576352723293,2706.0,2744.0,26.55,2.211810403980842,23,32,,,,
quick_sort,melhor,16384,0.03566613000293728,0.0015095091300654246,0.032079200027510524,0.03781049995450303,0.03359375,0.009174108572068747,0.015625,0.046875,270247.4,12364.215838671824,250329,300489,155453.1,7717.781968661037,141704,168910,10925.3,33.213979301683025,10853.0,10973.0,31.6,2.112618729145616,29,36,,,,
quick_sort,melhor,65536,0.15923995500197635,0.009869417578170954,0.1462088000262156,0.18075240001780912,0.15625,0.013412423051233628,0.140625,0.1875,1256863.25,27961.892321468044,1218072,1318674,720628.3,36134.72345061786,676927,816702,43709.6,70.9175948771379,43552.0,43866.0,37.7,1.3803127029389881,35,40,,,,
quick_sort,melhor,262144,0.7705906550050713,0.08334037991702557,0.6611084000323899,0.8958392000058666,0.75625,0.08443285053816436,0.625,0.890625,5809019.95,141717.70862657143,5574243,6082721,3289658.0,165464.20048680267,2999464,3630783,174710.85,95.92830381948512,174536.0,174916.0,43.35,2.433861994963214,40,48,,,,
quick_sort,melhor,1048576,3.7018353199993728,0.14621687181232032,3.509305899962783,4.030164999945555,3.6734375,0.1401123697298557,3.46875,3.96875,26007396.45,889136.5739857418,24894638,28411499,14383428.35,681937.7460016552,13262961,16302035,699087.9,199.99681576414076,698614.0,699414.0,49.5,3.086473033978053,45,57,,,,
quick_sort,pior,1,0.00047832499258220195,0.002098965571393257,3.3999676816165447e-06,0.009395800007041544,0.00078125,0.0034938562148434213,0.0,0.015625,0.0,0.0,0,0,0.0,0.0,0,0,0.0,0.0,0.0,0.0,0.0,0.0,0,0,,,,
quick_sort,pior,4,1.8229993293061854e-05,1.689572482807534e-05,8.700008038431406e-06,8.550001075491309e-05,0.0,0.0,0.0,0.0,4.4,0.7539370349250518,4,6,6.0,1.025978352085154,5,9,2.15,0.3663475485325232,2.0,3.0,2.15,0.3663475485325232,2,3,,,,
quick_sort,pior,16,3.5725004272535445e-05,1.2481638949213982e-05,2.300000051036477e-05,6.989995017647743e-05,0.0,0.0,0.0,0.0,51.9,8.831164910939581,41,72,46.4,8.094182446281046,33,65,10.15,1.0399898784932577,8.0,12.0,6.15,1.4608937423083819,4,9,,,,
quick_sort,pior,64,0.00012083999463357032,3.525246100309091e-05,8.339999476447701e-05,0.0002307999529875815,0.0,0.0,0.0,0.0,365.1,33.04367126283511,302,427,262.8,37.597032357690985,217,347,42.55,1.5035046776746226,39.0,45.0,10.65,1.4244112357114613,8,13,,,,
quick_sort,pior,256,0.0005213800061028451,0.00010286918320421355,0.0004172999761067331,0.0008007999858818948,0.0,0.0,0.0,0.0,2115.75,165.92258023421334,1907,2567,1369.8,192.4125501979646,1128,1892,168.9,2.826565704916565,163.0,173.0,15.75,1.7434086394791457,14,20,,,,
quick_sort,pior,1024,0.002436145005049184,0.000156605202585206,0.0022089999984018505,0.0027721000369638205,0.00078125,0.0034938562148434213,0.0,0.015625,11448.4,574.4952384026944,10721,12878,7104.15,595.7796550474187,6028,8190,681.15,5.815360784390903,673.0,693.0,21.3,1.454575358544277,18,24,,,,
quick_sort,pior,4096,0.01138436998880934,0.000778474687353799,0.01005109999096021,0.012899999972432852,0.00859375,0.007975277898969381,0.0,0.015625,56650.35,3089.6343553889983,52262,63102,33809.55,2573.9618954976177,30001,39836,2730.1,11.299278039349481,2712.0,2747.0,26.95,2.187885304412267,23,31,,,,
quick_sort,pior,16384,0.050933210004586726,0.007062619451953524,0.04578939999919385,0.0773373999982141,0.0484375,0.010011301179956055,0.03125,0.078125,272434.05,13278.826820702589,254782,310451,157356.35,12350.996773220586,134470,184591,10919.8,26.845758265359347,10868.0,10981.0,32.55,2.8557421378504637,29,39,,,,
quick_sort,pior,65536,0.20201856499479617,0.011526091407248616,0.19066739996196702,0.24160140001913533,0.1984375,0.014427820576197483,0.171875,0.234375,1276157.95,62079.42761408248,1200222,1479272,729204.5,56430.562450445985,656836,932586,43688.75,49.791010602739874,43608.0,43765.0,38.0,2.4061325159289386,34,44,,,,
quick_sort,pior,262144,0.8656853999942541,0.04447213848345797,0.8040754999965429,0.9741009999997914,0.85625,0.04259519138291749,0.796875,0.9375,5824783.6,174926.63387212256,5558671,6349491,3295214.5,199247.05550792703,2952430,3757525,174795.5,111.98143643150405,174551.0,174989.0,43.75,1.6503588126605426,42,48,,,,
quick_sort,pior,1048576,3.7237112999951933,0.13030476845457653,3.4929942000308074,3.9856128999963403,3.69921875,0.13779825233666598,3.46875,3.984375,25915489.8,802783.7655786865,24780194,27558398,14491655.8,712521.695962682,13196701,15719732,698950.45,237.92534764633746,698478.0,699394.0,49.1,3.007009355349245,44,55,,,,
selection_sort,medio,1,2.6924998383037747e-05,0.00010065647214224001,1.8999562598764896e-06,0.00045440002577379346,0.0,0.0,0.0,0.0,0.0,0.0,0,0,0.0,0.0,0,0,,,,,0.0,0.0,0,0,,,,
selection_sort,medio,10,7.909999112598598e-06,5.052360041325229e-06,5.199981387704611e-06,2.800003858283162e-05,0.0,0.0,0.0,0.0,45.0,0.0,45,45,7.15,1.2258187382102494,4,9,,,,,0.0,0.0,0,0,,,,
selection_sort,medio,50,9.42800019402057e-05,1.5103762197322992e-05,5.740002961829305e-05,0.0001335999695584178,0.0,0.0,0.0,0.0,1225.0,0.0,1225,1225,45.3,1.4903196407411885,43,48,,,,,0.0,0.0,0,0,,,,
selection_sort,medio,100,0.00037379000277724115,8.916831705826552e-05,0.00020969996694475412,0.0006010000361129642,0.0,0.0,0.0,0.0,4950.0,0.0,4950,4950,94.8,1.5423836644690745,92,97,,,,,0.0,0.0,0,0,,,,
selection_sort,medio,500,0.00957914999453351,0.0021513430041456747,0.005773400014732033,0.01333300000987947,0.009375,0.00785351078046929,0.0,0.015625,124750.0,0.0,124750,124750,493.05,2.211810403980846,490,498,,,,,0.0,0.0,0,0,,,,
selection_sort,medio,1000,0.034288150008069354,0.005694649224261183,0.02114090003306046,0.0450138000305742,0.03203125,0.010723949080519683,0.015625,0.046875,499500.0,0.0,499500,499500,992.3,2.6177531547010515,988,997,,,,,0.0,0.0,0,0,,,,
selection_sort,medio,5000,0.6606257149978774,0.054820337469330266,0.5886329999775626,0.8328210999607109,0.64609375,0.04843219410667705,0.578125,0.78125,12497500.0,0.0,12497500,12497500,4991.75,2.3141441523584225,4986,4996,,,,,0.0,0.0,0,0,,,,
selection_sort,medio,10000,2.4677778150100496,0.21208203269087975,2.155949599982705,2.889892500010319,2.43125,0.2056335484545263,2.140625,2.859375,49995000.0,0.0,49995000,49995000,9991.7,3.229795496214688,9985,9997,,,,,0.0,0.0,0,0,,,,
selection_sort,medio,20000,9.050851319995127,0.34292058406658077,8.538500299968291,9.653579900041223,8.9671875,0.3351917594825384,8.46875,9.5625,199990000.0,0.0,199990000,199990000,19989.8,4.020997519600194,19983,19996,,,,,0.0,0.0,0,0,,,,
selection_sort,medio,50000,60.26570119000098,1.632006209772488,57.77780270000221,63.386928499967325,59.82578125,1.5695586859192001,57.359375,62.859375,1249975000.0,0.0,1249975000,1249975000,49989.3,3.0966875341574127,49984,49994,,,,,0.0,0.0,0,0,,,,
selection_sort,melhor,1,2.108999469783157e-05,8.065608141282487e-05,1.800013706088066e-06,0.00036370003363117576,0.0,0.0,0.0,0.0,0.0,0.0,0,0,0.0,0.0,0,0,,,,,0.0,0.0,0,0,,,,
selection_sort,melhor,10,4.780001472681761e-06,5.925843892810358e-07,3.999972250312567e-06,6.89999433234334e-06,0.0,0.0,0.0,0.0,45.0,0.0,45,45,0.0,0.0,0,0,,,,,0.0,0.0,0,0,,,,
selection_sort,melhor,50,6.958500598557294e-05,2.674899646011097e-05,4.640000406652689e-05,0.00012959999730810523,0.0,0.0,0.0,0.0,1225.0,0.0,1225,1225,0.0,0.0,0,0,,,,,0.0,0.0,0,0,,,,
selection_sort,melhor,100,0.0002646649983944371,0.00012567293592783576,0.0001745999907143414,0.0006051000091247261,0.0,0.0,0.0,0.0,4950.0,0.0,4950,4950,0.0,0.0,0,0,,,,,0.0,0.0,0,0,,,,
selection_sort,melhor,500,0.008474170000408777,0.0013258058121679228,0.005352800013497472,0.009786200011149049,0.00625,0.007853510780469291,0.0,0.015625,124750.0,0.0,124750,124750,0.0,0.0,0,0,,,,,0.0,0.0,0,0,,,,
selection_sort,melhor,1000,0.029675750009482728,0.005187795773286743,0.020242200000211596,0.037008200015407056,0.02578125,0.009174108572068747,0.015625,0.046875,499500.0,0.0,499500,499500,0.0,0.0,0,0,,,,,0.0,0.0,0,0,,,,
selection_sort,melhor,5000,0.6130571299989243,0.06264048729595868,0.5214044000022113,0.7495593000203371,0.60078125,0.05986960714918188,0.515625,0.71875,12497500.0,0.0,12497500,12497500,0.0,0.0,0,0,,,,,0.0,0.0,0,0,,,,
selection_sort,melhor,10000,2.3468361700040985,0.18734113319108509,2.053864200017415,2.677208699984476,2.31484375,0.17312456951780036,2.03125,2.609375,49995000.0,0.0,49995000,49995000,0.0,0.0,0,0,,,,,0.0,0.0,0,0,,,,
selection_sort,melhor,20000,8.683709330004058,0.23269669204665558,8.37512229999993,9.176416200003587,8.621875,0.229785100548775,8.265625,9.09375,199990000.0,0.0,199990000,199990000,0.0,0.0,0,0,,,,,0.0,0.0,0,0,,,,
selection_sort,melhor,50000,56.86230056500354,3.4158230406124153,52.85937650001142,66.22773609997239,56.44062500000005,3.3566087907310296,52.515625,65.71875,1249975000.0,0.0,1249975000,1249975000,0.0,0.0,0,0,,,,,0.0,0.0,0,0,,,,
selection_sort,pior,1,1.8969987286254765e-05,7.297669854031923e-05,1.6999547369778156e-06,0.00032900000223889947,0.0,0.0,0.0,0.0,0.0,0.0,0,0,0.0,0.0,0,0,,,,,0.0,0.0,0,0,,,,
selection_sort,pior,10,8.025008719414473e-06,4.1663847449962846e-06,5.099980626255274e-06,1.8799968529492617e-05,0.0,0.0,0.0,0.0,45.0,0.0,45,45,5.0,0.0,5,5,,,,,0.0,0.0,0,0,,,,
selection_sort,pior,50,8.240499591920525e-05,3.8696964304649976e-05,5.830003647133708e-05,0.00019379996228963137,0.0,0.0,0.0,0.0,1225.0,0.0,1225,1225,25.0,0.0,25,25,,,,,0.0,0.0,0,0,,,,
selection_sort,pior,100,0.0002600550069473684,6.087776810056819e-05,0.00021789997117593884,0.0004078000201843679,0.0,0.0,0.0,0.0,4950.0,0.0,4950,4950,50.0,0.0,50,50,,,,,0.0,0.0,0,0,,,,
selection_sort,pior,500,0.00948705499758944,0.0018490531028697512,0.005597400013357401,0.011463900038506836,0.009375,0.00785351078046929,0.0,0.015625,124750.0,0.0,124750,124750,250.0,0.0,250,250,,,,,0.0,0.0,0,0,,,,
selection_sort,pior,1000,0.03480098500149324,0.0072574263428873366,0.02360509999562055,0.04336930002318695,0.03203125,0.01186179147681638,0.015625,0.046875,499500.0,0.0,499500,499500,500.0,0.0,500,500,,,,,0.0,0.0,0,0,,,,
selection_sort,pior,5000,0.6873046999942745,0.0783807363672084,0.5588149999966845,0.8235327999573201,0.68046875,0.07779122780465202,0.546875,0.8125,12497500.0,0.0,12497500,12497500,2500.0,0.0,2500,2500,,,,,0.0,0.0,0,0,,,,
selection_sort,pior,10000,2.7225828800088494,0.18924732595365176,2.419567000004463,3.0838998000253923,2.6875,0.18480797733550927,2.40625,3.078125,49995000.0,0.0,49995000,49995000,5000.0,0.0,5000,5000,,,,,0.0,0.0,0,0,,,,
selection_sort,pior,20000,10.628633495004033,0.4567567353934185,9.81282370002009,11.554772900009993,10.536718749999954,0.4494741479360887,9.765625,11.484375,199990000.0,0.0,199990000,199990000,10000.0,0.0,10000,10000,,,,,0.0,0.0,0,0,,,,
selection_sort,pior,50000,64.64267079999846,5.443672501947585,55.506103400024585,73.50435599999037,64.14218750000005,5.263351160616869,55.265625,72.78125,1249975000.0,0.0,1249975000,1249975000,25000.0,0.0,25000,25000,,,,,0.0,0.0,0,0,,,,
