algoritmo,caso,tamanho,tempo_execucao_n,tempo_execucao_media,tempo_execucao_std,tempo_execucao_min,tempo_execucao_max,tempo_execucao_mediana,tempo_execucao_q1,tempo_execucao_q3,comparacoes_n,comparacoes_media,comparacoes_std,comparacoes_min,comparacoes_max,comparacoes_mediana,comparacoes_q1,comparacoes_q3,trocas_n,trocas_media,trocas_std,trocas_min,trocas_max,trocas_mediana,trocas_q1,trocas_q3,cpu_pico_n,cpu_pico_media,cpu_pico_std,cpu_pico_min,cpu_pico_max,cpu_pico_mediana,cpu_pico_q1,cpu_pico_q3
heap_sort,medio,1,20.0,6.249992293305695e-06,3.756049235496898e-06,2.500019036233425e-06,1.550000160932541e-05,4.950008587911725e-06,3.4499680623412132e-06,7.174996426329017e-06,20.0,0.0,0.0,0.0,0.0,0.0,0.0,0.0,20.0,0.0,0.0,0.0,0.0,0.0,0.0,0.0,20.0,0.0,0.0,0.0,0.0,0.0,0.0,0.0
heap_sort,medio,4,20.0,1.4339995686896145e-05,1.5332265091866242e-05,6.399990525096655e-06,6.559997564181685e-05,9.69998654909432e-06,7.574999472126365e-06,1.2599979527294637e-05,20.0,6.65,0.4893604849295929,6.0,7.0,7.0,6.0,7.0,20.0,6.35,0.9880869341680841,4.0,8.0,6.0,6.0,7.0,20.0,0.0,0.0,0.0,0.0,0.0,0.0,0.0
heap_sort,medio,16,20.0,3.8919993676245214e-05,1.5401347624243875e-05,2.400000812485814e-05,9.429996134713292e-05,3.724999260157347e-05,2.8799986466765404e-05,3.9749997085891664e-05,20.0,80.85,1.5652475842498528,78.0,84.0,81.0,79.75,82.0,20.0,52.35,1.8144159564878983,49.0,56.0,52.0,51.0,53.25,20.0,0.0,0.0,0.0,0.0,0.0,0.0,0.0
heap_sort,medio,64,20.0,0.00016180000384333,3.4930984389280795e-05,0.0001185999717563,0.000208500016015,0.0001648500037845,0.000126524988445425,0.00019625002460085,20.0,571.6,5.1748379074538216,562.0,580.0,571.5,568.5,575.0,20.0,330.2,4.237675629026142,322.0,335.0,330.0,327.75,334.0,20.0,0.0,0.0,0.0,0.0,0.0,0.0,0.0
heap_sort,medio,256,20.0,0.000853610000922295,0.00015447239493062055,0.0006652000010944,0.0010829000384546,0.00079585000639775,0.0007201499684015001,0.001018399998429175,20.0,3306.1,18.741735020508305,3275.0,3346.0,3304.5,3294.0,3318.25,20.0,1824.7,12.970005884022529,1801.0,1849.0,1823.0,1815.0,1837.0,20.0,0.00078125,0.003493856214843421,0.0,0.015625,0.0,0.0,0.0
heap_sort,medio,1024,20.0,0.00408013000851492,0.0004220540366932962,0.0036313000018708,0.0054094999795779,0.00396670002373865,0.003808574998401975,0.004099150028196125,20.0,17324.7,31.271476830458372,17270.0,17396.0,17326.5,17307.25,17339.75,20.0,9336.45,24.19324612148475,9294.0,9395.0,9338.5,9322.0,9350.25,20.0,0.0015625,0.00480927352539916,0.0,0.015625,0.0,0.0,0.0
heap_sort,medio,4096,20.0,0.018642199996975195,0.0005859997379229587,0.0174931000219658,0.0197908999980427,0.01862540000001895,0.0182381749618798,0.018954800019855528,20.0,85660.65,53.09105881705308,85549.0,85760.0,85665.0,85640.0,85698.25,20.0,45498.55,53.27927907683595,45414.0,45610.0,45497.0,45461.25,45531.5,20.0,0.0171875,0.0069877124296868435,0.0,0.03125,0.015625,0.015625,0.015625
heap_sort,medio,16384,20.0,0.09865382000571113,0.015650327578726086,0.0829572000075131,0.144915500015486,0.0920142999966628,0.08731992501998317,0.10549567501584528,20.0,408178.95,133.96443950777228,407951.0,408403.0,408187.5,408083.5,408269.75,20.0,214767.1,85.7572461262481,214570.0,214876.0,214786.5,214714.5,214827.25,20.0,0.096875,0.015707021560938582,0.078125,0.140625,0.09375,0.09375,0.09765625
heap_sort,medio,65536,20.0,0.3878601100033848,0.0306546298434516,0.3526772999903187,0.4803408000152558,0.3794548999867402,0.3679126750066643,0.3959518000046955,20.0,1894774.55,242.34088105719792,1894277.0,1895132.0,1894821.0,1894583.5,1894917.5,20.0,990073.4,160.03335178709008,989795.0,990364.0,990051.5,989928.75,990196.75,20.0,0.378125,0.027110731755446763,0.34375,0.453125,0.375,0.359375,0.390625
heap_sort,medio,262144,20.0,1.8063473499933025,0.2137661125760898,1.5759366999845952,2.250912899966352,1.7259271999937482,1.6752180500043323,1.9058005749975562,20.0,8627922.15,520.1714570570382,8626789.0,8628555.0,8628055.0,8627569.75,8628384.75,20.0,4484772.5,305.3740588024361,4484254.0,4485308.0,4484845.0,4484526.75,4484995.5,20.0,1.79453125,0.25825569959510136,1.484375,2.484375,1.6875,1.63671875,1.875
heap_sort,medio,1048576,20.0,8.090789050012244,0.3149735020397491,7.746428500046022,9.154708700021729,8.005021899996791,7.953624475005199,8.169776250011637,20.0,38705714.95,978.0616962027228,38704028.0,38707365.0,38705513.0,38705160.5,38706296.5,20.0,20035895.85,665.9010733387387,20034508.0,20037036.0,20035854.5,20035441.5,20036474.25,20.0,8.0203125,0.3158170989150291,7.65625,9.078125,7.9453125,7.88671875,8.08203125
heap_sort,melhor,1,20.0,0.0007510850060498337,0.0033255582215991103,4.399975296109915e-06,0.0148798000300303,5.850044544786215e-06,5.249996320344508e-06,7.675000233575702e-06,20.0,0.0,0.0,0.0,0.0,0.0,0.0,0.0,20.0,0.0,0.0,0.0,0.0,0.0,0.0,0.0,20.0,0.00078125,0.003493856214843421,0.0,0.015625,0.0,0.0,0.0
heap_sort,melhor,4,20.0,1.929000427480787e-05,1.0500617733795022e-05,8.90000956133008e-06,4.39999857917428e-05,1.4749995898455381e-05,1.2975026038475335e-05,1.8674982129596174e-05,20.0,7.0,0.0,7.0,7.0,7.0,7.0,7.0,20.0,8.0,0.0,8.0,8.0,8.0,8.0,8.0,20.0,0.0,0.0,0.0,0.0,0.0,0.0,0.0
heap_sort,melhor,16,20.0,4.211501218378544e-05,9.480571730486495e-06,2.7499976567924023e-05,6.009999196976423e-05,4.255003295838833e-05,3.727500734385104e-05,4.6424989704973996e-05,20.0,85.0,0.0,85.0,85.0,85.0,85.0,85.0,20.0,58.0,0.0,58.0,58.0,58.0,58.0,58.0,20.0,0.0,0.0,0.0,0.0,0.0,0.0,0.0
heap_sort,melhor,64,20.0,0.000245494997943705,0.00017128451232527032,0.0001572999753989,0.0009554999996908,0.0002073000068776,0.000179225025931325,0.00022537496988652502,20.0,593.0,0.0,593.0,593.0,593.0,593.0,593.0,20.0,362.0,0.0,362.0,362.0,362.0,362.0,362.0,20.0,0.0,0.0,0.0,0.0,0.0,0.0,0.0
heap_sort,melhor,256,20.0,0.0010314050014130348,0.00023637926876228456,0.0008045000140555,0.0014003000105731,0.00085969999781805,0.000820174973341575,0.0012611499842023251,20.0,3452.0,0.0,3452.0,3452.0,3452.0,3452.0,3452.0,20.0,1972.0,0.0,1972.0,1972.0,1972.0,1972.0,1972.0,20.0,0.0,0.0,0.0,0.0,0.0,0.0,0.0
heap_sort,melhor,1024,20.0,0.006369399986579034,0.001454217672074591,0.0042400999809615,0.0087325999629683,0.0065452499839011,0.004874849983025301,0.007410799997160175,20.0,18060.0,0.0,18060.0,18060.0,18060.0,18060.0,18060.0,20.0,9968.0,0.0,9968.0,9968.0,9968.0,9968.0,9968.0,20.0,0.00625,0.007853510780469291,0.0,0.015625,0.0,0.0,0.015625
heap_sort,melhor,4096,20.0,0.03288088999979658,0.004483595325568327,0.0258772000088356,0.0453426999738439,0.031676399987190906,0.030093325010966426,0.03519765002420165,20.0,88835.0,0.0,88835.0,88835.0,88835.0,88835.0,88835.0,20.0,48360.0,0.0,48360.0,48360.0,48360.0,48360.0,48360.0,20.0,0.02734375,0.011192974990802795,0.0,0.046875,0.03125,0.03125,0.03125
heap_sort,melhor,16384,20.0,0.1312323849968379,0.015798782557340352,0.1117076000082306,0.1688440999714657,0.13047500001266593,0.12011657499533605,0.13972177497635124,20.0,421566.0,0.0,421566.0,421566.0,421566.0,421566.0,421566.0,20.0,226058.0,0.0,226058.0,226058.0,226058.0,226058.0,226058.0,20.0,0.12578125,0.01640722898081658,0.09375,0.15625,0.125,0.109375,0.140625
heap_sort,melhor,65536,20.0,0.48723524999513756,0.056036748853965875,0.4005775999976322,0.6317517999559641,0.48613554998883046,0.4451863750291522,0.5098455249972176,20.0,1948406.0,0.0,1948406.0,1948406.0,1948406.0,1948406.0,1948406.0,20.0,1034492.0,0.0,1034492.0,1034492.0,1034492.0,1034492.0,1034492.0,20.0,0.47890625,0.057415511082188814,0.390625,0.640625,0.46875,0.4375,0.50390625
heap_sort,melhor,262144,20.0,1.9491841200040654,0.20913135126075472,1.551199700043071,2.3869502000161447,1.9217724000045564,1.848845899963635,2.1014397249673498,20.0,8849195.0,0.0,8849195.0,8849195.0,8849195.0,8849195.0,8849195.0,20.0,4664612.0,0.0,4664612.0,4664612.0,4664612.0,4664612.0,4664612.0,20.0,1.9203125,0.20628862277924565,1.546875,2.359375,1.90625,1.7890625,2.07421875
heap_sort,melhor,1048576,20.0,7.950783534999937,0.6482742038977676,7.385968099988531,9.78072159999283,7.713378849992296,7.549262399988947,7.9909821000183,20.0,39624024.0,0.0,39624024.0,39624024.0,39624024.0,39624024.0,39624024.0,20.0,20803884.0,0.0,20803884.0,20803884.0,20803884.0,20803884.0,20803884.0,20.0,7.85390625,0.6050957838963553,7.3125,9.546875,7.59375,7.46875,7.93359375
heap_sort,pior,1,20.0,9.069996303878725e-06,4.232589416641687e-06,4.499976057559252e-06,2.2899999748915437e-05,8.400005754083395e-06,5.8250006986781955e-06,1.0925010428763926e-05,20.0,0.0,0.0,0.0,0.0,0.0,0.0,0.0,20.0,0.0,0.0,0.0,0.0,0.0,0.0,0.0,20.0,0.0,0.0,0.0,0.0,0.0,0.0,0.0
heap_sort,pior,4,20.0,1.718499988783151e-05,1.0335347677599538e-05,9.100011084228754e-06,5.850003799423576e-05,1.4749995898455381e-05,1.230002089869231e-05,1.7600017599761486e-05,20.0,6.0,0.0,6.0,6.0,6.0,6.0,6.0,20.0,4.0,0.0,4.0,4.0,4.0,4.0,4.0,20.0,0.0,0.0,0.0,0.0,0.0,0.0,0.0
heap_sort,pior,16,20.0,3.9004985592328015e-05,6.650639235839917e-06,2.7799978852272037e-05,5.479995161294937e-05,3.724999260157347e-05,3.462497261352837e-05,4.1674968088045716e-05,20.0,72.0,0.0,72.0,72.0,72.0,72.0,72.0,20.0,42.0,0.0,42.0,42.0,42.0,42.0,42.0,20.0,0.0,0.0,0.0,0.0,0.0,0.0,0.0
heap_sort,pior,64,20.0,0.00021125500206830498,6.010062301210051e-05,0.0001174999633803,0.0003328999737277,0.00021879997802895,0.000166449986863825,0.00023772503482169999,20.0,525.0,0.0,525.0,525.0,525.0,525.0,525.0,20.0,288.0,0.0,288.0,288.0,288.0,288.0,288.0,20.0,0.0,0.0,0.0,0.0,0.0,0.0,0.0
heap_sort,pior,256,20.0,0.001092959992820345,0.00013916699668474898,0.0007083999807946,0.0013747999910265,0.0011071999906562,0.001014300010865525,0.001164924993645325,20.0,3106.0,0.0,3106.0,3106.0,3106.0,3106.0,3106.0,20.0,1642.0,0.0,1642.0,1642.0,1642.0,1642.0,1642.0,20.0,0.0,0.0,0.0,0.0,0.0,0.0,0.0
heap_sort,pior,1024,20.0,0.00606130000087427,0.0010309256593438742,0.0039502999861724,0.0082089999923482,0.006041449989424951,0.005575150004005925,0.006460449978476325,20.0,16407.0,0.0,16407.0,16407.0,16407.0,16407.0,16407.0,20.0,8542.0,0.0,8542.0,8542.0,8542.0,8542.0,8542.0,20.0,0.00546875,0.007646257577024889,0.0,0.015625,0.0,0.0,0.015625
heap_sort,pior,4096,20.0,0.031059494998771652,0.0026398119175038855,0.0253003999823704,0.0359401000314392,0.031311149999964955,0.0298083250090712,0.03175057501357512,20.0,82304.0,0.0,82304.0,82304.0,82304.0,82304.0,82304.0,20.0,42530.0,0.0,42530.0,42530.0,42530.0,42530.0,42530.0,20.0,0.0296875,0.006987712429686843,0.015625,0.046875,0.03125,0.03125,0.03125
heap_sort,pior,16384,20.0,0.1280141400027787,0.01945578873099605,0.1005948000238277,0.167957599973306,0.12553995000780555,0.11085372499655932,0.14267227501841256,20.0,394520.0,0.0,394520.0,394520.0,394520.0,394520.0,394520.0,20.0,203032.0,0.0,203032.0,203032.0,203032.0,203032.0,203032.0,20.0,0.11875,0.02232847633098053,0.078125,0.15625,0.1171875,0.10546875,0.140625
heap_sort,pior,65536,20.0,0.4044762650009943,0.06244691759936174,0.3369160000002011,0.6026736999629065,0.38027590001001954,0.3652653249591821,0.43818682500568684,20.0,1839970.0,0.0,1839970.0,1839970.0,1839970.0,1839970.0,1839970.0,20.0,941220.0,0.0,941220.0,941220.0,941220.0,941220.0,941220.0,20.0,0.3859375,0.06000359775397682,0.3125,0.5625,0.3671875,0.34375,0.41015625
heap_sort,pior,262144,20.0,1.5077566050109454,0.11089692331696067,1.4197068000212312,1.9037667000084184,1.4811681500286795,1.429268924970529,1.5302666500501798,20.0,8397651.0,0.0,8397651.0,8397651.0,8397651.0,8397651.0,8397651.0,20.0,4287044.0,0.0,4287044.0,4287044.0,4287044.0,4287044.0,4287044.0,20.0,1.4921875,0.1085495165023536,1.375,1.875,1.46875,1.43359375,1.50390625
heap_sort,pior,1048576,20.0,6.912401439997484,0.6260869089182554,6.361087700002827,8.62540399999125,6.721139649976976,6.566249550014618,6.853917374974117,20.0,37875507.0,0.0,37875507.0,37875507.0,37875507.0,37875507.0,37875507.0,20.0,19292288.0,0.0,19292288.0,19292288.0,19292288.0,19292288.0,19292288.0,20.0,6.84296875,0.6023757745855703,6.296875,8.484375,6.671875,6.50390625,6.80078125
insertion_sort,medio,1,20.0,1.6800005687396075e-05,6.186978822285687e-05,1.800013706088066e-06,0.0002795999753288,2.6999914553016424e-06,1.975015038624406e-06,3.924971679225564e-06,20.0,0.0,0.0,0.0,0.0,0.0,0.0,0.0,20.0,0.0,0.0,0.0,0.0,0.0,0.0,0.0,20.0,0.0,0.0,0.0,0.0,0.0,0.0,0.0
insertion_sort,medio,10,20.0,5.974998930469155e-06,1.1999323548218547e-06,3.8000289350748062e-06,9.09995287656784e-06,5.649984814226627e-06,5.250039976090193e-06,6.424990715458989e-06,20.0,31.1,6.0948641019347285,18.0,42.0,32.0,27.75,36.25,20.0,33.2,6.786984447804256,18.0,44.0,34.0,28.75,38.5,20.0,0.0,0.0,0.0,0.0,0.0,0.0,0.0
insertion_sort,medio,50,20.0,9.051500528583467e-05,2.591979345582758e-05,5.909998435527086e-05,0.0001283999881707,8.910000906325877e-05,6.50249858153984e-05,0.000115299990284225,20.0,665.5,59.949540185234554,550.0,774.0,672.0,629.25,712.0,20.0,668.9,60.243278725339536,554.0,780.0,675.0,632.25,716.75,20.0,0.0,0.0,0.0,0.0,0.0,0.0,0.0
insertion_sort,medio,100,20.0,0.000361460007843515,0.00010762507467701005,0.0002200999879278,0.0005517000099644,0.000380799989216,0.00025049998657775,0.000442450022092025,20.0,2514.55,130.04350486623596,2239.0,2846.0,2505.5,2423.75,2591.5,20.0,2518.5,130.66812118775124,2239.0,2848.0,2510.0,2425.0,2595.5,20.0,0.0,0.0,0.0,0.0,0.0,0.0,0.0
insertion_sort,medio,500,20.0,0.01028117000532798,0.002053737676825123,0.006131500005722,0.0129025000496767,0.0109059000096749,0.009638200033805274,0.011369950007065126,20.0,62563.15,1696.9444761874674,59040.0,66152.0,62644.0,61494.5,63565.25,20.0,62569.35,1697.0601290404968,59048.0,66159.0,62649.5,61502.0,63572.75,20.0,0.009375,0.007853510780469291,0.0,0.015625,0.015625,0.0,0.015625
insertion_sort,medio,1000,20.0,0.04533611000806554,0.009345064520552802,0.0261084999656304,0.0584665000205859,0.044876950007164795,0.03917782499047455,0.0538696500152582,20.0,250969.85,7000.124602462445,234518.0,261870.0,252968.0,247053.5,255295.75,20.0,250976.55,7000.388225888468,234525.0,261878.0,252973.5,247062.75,255300.75,20.0,0.04140625,0.010481568644530264,0.015625,0.0625,0.046875,0.03125,0.046875
insertion_sort,medio,5000,20.0,0.7381124299980002,0.0537026579824359,0.6476614999701269,0.8652135000447743,0.7269287499948405,0.7067077499959851,0.7708958750008605,20.0,6289278.35,55664.409429020074,6203082.0,6404915.0,6288767.0,6249828.0,6322762.5,20.0,6289286.0,55664.54881558015,6203089.0,6404925.0,6288773.5,6249836.75,6322772.25,20.0,0.72265625,0.048854844662934646,0.640625,0.828125,0.71875,0.6875,0.75
insertion_sort,medio,10000,20.0,3.093859339991468,0.2572518926848818,2.5920355999842286,3.5795869000139646,3.086330949998228,2.959463974984829,3.272420074965339,20.0,24886834.15,149609.78379711142,24674130.0,25191096.0,24832743.5,24798594.5,24985196.75,20.0,24886842.8,149610.09839213817,24674136.0,25191103.0,24832751.0,24798602.0,24985204.5,20.0,3.04765625,0.2524792262005509,2.53125,3.546875,3.046875,2.94140625,3.22265625
insertion_sort,medio,20000,20.0,11.00850031999289,0.939729351143293,9.55956960003823,13.0315892000217,11.14943679998396,10.390371649991721,11.43737999998848,20.0,99905686.25,453214.6400970545,99288478.0,100869461.0,99941631.5,99598390.75,100079378.75,20.0,99905696.2,453213.9187750433,99288484.0,100869469.0,99941642.0,99598401.25,100079387.75,20.0,10.8828125,0.9141767107010317,9.5,12.890625,11.03125,10.28125,11.25390625
insertion_sort,medio,50000,20.0,60.62982463000517,3.226635167135261,56.52381969999988,69.26850659999764,60.35631234999164,58.18868969997857,61.53425937501015,20.0,624832821.6,1535256.078003358,622207614.0,627692791.0,624741957.0,623804016.0,625897149.25,20.0,624832831.45,1535255.5972796762,622207622.0,627692799.0,624741968.0,623804027.25,625897164.25,20.0,60.181249999999956,3.1407146000573185,56.171875,68.546875,59.929687499999545,57.8671875,60.9765625
insertion_sort,melhor,1,20.0,0.0007032750057987862,0.003129183976652387,1.700012944638729e-06,0.0139977000071667,2.3500178940594196e-06,2.100015990436077e-06,4.424990038387477e-06,20.0,0.0,0.0,0.0,0.0,0.0,0.0,0.0,20.0,0.0,0.0,0.0,0.0,0.0,0.0,0.0,20.0,0.00078125,0.003493856214843421,0.0,0.015625,0.0,0.0,0.0
insertion_sort,melhor,10,20.0,4.915005411021411e-06,4.482745997757896e-06,2.700020559132099e-06,2.3100001271814108e-05,3.850000211969018e-06,3.2749812817201023e-06,4.224988515488803e-06,20.0,9.0,0.0,9.0,9.0,9.0,9.0,9.0,20.0,9.0,0.0,9.0,9.0,9.0,9.0,9.0,20.0,0.0,0.0,0.0,0.0,0.0,0.0,0.0
insertion_sort,melhor,50,20.0,1.1370007996447384e-05,8.225522118614087e-06,6.799993570894003e-06,4.1000021155923605e-05,8.150003850460052e-06,7.374997949227691e-06,1.0125004337169228e-05,20.0,49.0,0.0,49.0,49.0,49.0,49.0,49.0,20.0,49.0,0.0,49.0,49.0,49.0,49.0,49.0,20.0,0.0,0.0,0.0,0.0,0.0,0.0,0.0
insertion_sort,melhor,100,20.0,1.428000396117568e-05,3.682624519151037e-06,1.0899966582655908e-05,2.2799998987466097e-05,1.24999787658453e-05,1.1674987035803499e-05,1.702499866951257e-05,20.0,99.0,0.0,99.0,99.0,99.0,99.0,99.0,20.0,99.0,0.0,99.0,99.0,99.0,99.0,99.0,20.0,0.0,0.0,0.0,0.0,0.0,0.0,0.0
insertion_sort,melhor,500,20.0,8.23000038508213e-05,2.527034400736512e-05,5.370000144466758e-05,0.0001249000197276,7.999999797903001e-05,5.860003875568509e-05,9.909998334477079e-05,20.0,499.0,0.0,499.0,499.0,499.0,499.0,499.0,20.0,499.0,0.0,499.0,499.0,499.0,499.0,499.0,20.0,0.0,0.0,0.0,0.0,0.0,0.0,0.0
insertion_sort,melhor,1000,20.0,0.000166370006627345,4.0840023531893524e-05,0.0001131999888457,0.0002330000279471,0.0001616999797988,0.0001297000126214,0.000206750002689575,20.0,999.0,0.0,999.0,999.0,999.0,999.0,999.0,20.0,999.0,0.0,999.0,999.0,999.0,999.0,999.0,20.0,0.0,0.0,0.0,0.0,0.0,0.0,0.0
insertion_sort,melhor,5000,20.0,0.00071182500687424,0.00018496028774050877,0.0005608000210486,0.0012632000143639,0.00062515001627615,0.000603000007686175,0.000814875020296275,20.0,4999.0,0.0,4999.0,4999.0,4999.0,4999.0,4999.0,20.0,4999.0,0.0,4999.0,4999.0,4999.0,4999.0,4999.0,20.0,0.0,0.0,0.0,0.0,0.0,0.0,0.0
insertion_sort,melhor,10000,20.0,0.001293924998026295,0.00019437936054384042,0.0011365999816916,0.0020273000118322,0.0012445999891497,0.0012104249908588501,0.001286949962377475,20.0,9999.0,0.0,9999.0,9999.0,9999.0,9999.0,9999.0,20.0,9999.0,0.0,9999.0,9999.0,9999.0,9999.0,9999.0,20.0,0.00078125,0.003493856214843421,0.0,0.015625,0.0,0.0,0.0
insertion_sort,melhor,20000,20.0,0.00274907500133845,0.00034298493985628363,0.0024286999832838,0.0037218000506982,0.0026365999947301497,0.0025630500167608,0.0028057749732397,20.0,19999.0,0.0,19999.0,19999.0,19999.0,19999.0,19999.0,20.0,19999.0,0.0,19999.0,19999.0,19999.0,19999.0,19999.0,20.0,0.0015625,0.00480927352539916,0.0,0.015625,0.0,0.0,0.0
insertion_sort,melhor,50000,20.0,0.00663827499956819,0.0004833506444690463,0.0060817999765276,0.0077165000257082,0.00656555002206005,0.00621385000704315,0.006917424994753649,20.0,49999.0,0.0,49999.0,49999.0,49999.0,49999.0,49999.0,20.0,49999.0,0.0,49999.0,49999.0,49999.0,49999.0,49999.0,20.0,0.00625,0.007853510780469291,0.0,0.015625,0.0,0.0,0.015625
insertion_sort,pior,1,20.0,2.4204995133912198e-05,8.96441888704943e-05,1.9000144675374031e-06,0.0004048999981023,3.0999945010989904e-06,2.6750058168545365e-06,5.72498538531363e-06,20.0,0.0,0.0,0.0,0.0,0.0,0.0,0.0,20.0,0.0,0.0,0.0,0.0,0.0,0.0,0.0,20.0,0.0,0.0,0.0,0.0,0.0,0.0,0.0
insertion_sort,pior,10,20.0,1.6454991418867143e-05,2.2401096785780824e-05,7.099995855242014e-06,0.0001092000165954,1.0049989214166999e-05,8.37500556372106e-06,1.3024982763454318e-05,20.0,45.0,0.0,45.0,45.0,45.0,45.0,45.0,20.0,54.0,0.0,54.0,54.0,54.0,54.0,54.0,20.0,0.0,0.0,0.0,0.0,0.0,0.0,0.0
insertion_sort,pior,50,20.0,0.00014063999988134,3.392482600644453e-05,0.0001200000406242,0.0002273999853059,0.00012514999252740002,0.00012277500354682501,0.000128474988741775,20.0,1225.0,0.0,1225.0,1225.0,1225.0,1225.0,1225.0,20.0,1274.0,0.0,1274.0,1274.0,1274.0,1274.0,1274.0,20.0,0.0,0.0,0.0,0.0,0.0,0.0,0.0
insertion_sort,pior,100,20.0,0.00052958000160282,4.34661297320569e-05,0.0004807999939657,0.0006285999552346,0.0005107000179123,0.0004993000184185,0.000558675004867775,20.0,4950.0,0.0,4950.0,4950.0,4950.0,4950.0,4950.0,20.0,5049.0,0.0,5049.0,5049.0,5049.0,5049.0,5049.0,20.0,0.0,0.0,0.0,0.0,0.0,0.0,0.0
insertion_sort,pior,500,20.0,0.01502312499796967,0.003532928539054109,0.0124271999811753,0.0251134000136517,0.0136792999983299,0.01299145001394205,0.014429450020543225,20.0,124750.0,0.0,124750.0,124750.0,124750.0,124750.0,124750.0,20.0,125249.0,0.0,125249.0,125249.0,125249.0,125249.0,125249.0,20.0,0.01015625,0.007646257577024889,0.0,0.015625,0.015625,0.0,0.015625
insertion_sort,pior,1000,20.0,0.05126475500583179,0.003305661009560572,0.0465762999956496,0.0587693999987095,0.050298550020670504,0.048654749989509576,0.0530553499847883,20.0,499500.0,0.0,499500.0,499500.0,499500.0,499500.0,499500.0,20.0,500499.0,0.0,500499.0,500499.0,500499.0,500499.0,500499.0,20.0,0.05078125,0.008595618815940325,0.03125,0.0625,0.046875,0.046875,0.0625
insertion_sort,pior,5000,20.0,1.1940686650021235,0.055035450614232116,1.1201266000280157,1.2977163999457844,1.1844451499928255,1.1478192250069696,1.2495515500049805,20.0,12497500.0,0.0,12497500.0,12497500.0,12497500.0,12497500.0,12497500.0,20.0,12502499.0,0.0,12502499.0,12502499.0,12502499.0,12502499.0,12502499.0,20.0,1.18046875,0.057683444146639,1.078125,1.28125,1.171875,1.13671875,1.22265625
insertion_sort,pior,10000,20.0,4.705801405000966,0.19540517460235543,4.523543199989945,5.24686329998076,4.63979185000062,4.603762950035161,4.73685529998329,20.0,49995000.0,0.0,49995000.0,49995000.0,49995000.0,49995000.0,49995000.0,20.0,50004999.0,0.0,50004999.0,50004999.0,50004999.0,50004999.0,50004999.0,20.0,4.66171875,0.1914519782916236,4.46875,5.203125,4.609375,4.546875,4.6875
insertion_sort,pior,20000,20.0,18.85100841500389,0.9484415820653825,17.875801899994258,20.75199610000709,18.43585355000687,18.191349224958685,19.23012437502621,20.0,199990000.0,0.0,199990000.0,199990000.0,199990000.0,199990000.0,199990000.0,20.0,200009999.0,0.0,200009999.0,200009999.0,200009999.0,200009999.0,200009999.0,20.0,18.64921875,0.9373557317723689,17.703125,20.4375,18.21875,18.0,19.0546875
insertion_sort,pior,50000,20.0,122.77582562499738,7.860011212973272,110.8733769999817,145.46185849996982,122.07712924998486,119.63671432500996,124.20271480001975,20.0,1249975000.0,0.0,1249975000.0,1249975000.0,1249975000.0,1249975000.0,1249975000.0,20.0,1250024999.0,0.0,1250024999.0,1250024999.0,1250024999.0,1250024999.0,1250024999.0,20.0,121.66875,7.627462663142415,110.296875,143.84375,121.015625,118.8046875,123.1484375
merge_sort,medio,1,20.0,0.0003700599947478619,0.0016026594264533494,3.100023604929447e-06,0.0071788000059314,6.999995093792677e-06,5.499983672052622e-06,1.3175027561374009e-05,20.0,0.0,0.0,0.0,0.0,0.0,0.0,0.0,20.0,0.0,0.0,0.0,0.0,0.0,0.0,0.0,20.0,0.00078125,0.003493856214843421,0.0,0.015625,0.0,0.0,0.0
merge_sort,medio,4,20.0,9.980003233067691e-06,2.6619425827101634e-06,7.399998139590025e-06,1.71000137925148e-05,8.99998121894896e-06,8.074959623627365e-06,1.0875024599954488e-05,20.0,4.7,0.47016234598162726,4.0,5.0,5.0,4.0,5.0,20.0,8.0,0.0,8.0,8.0,8.0,8.0,8.0,20.0,0.0,0.0,0.0,0.0,0.0,0.0,0.0
merge_sort,medio,16,20.0,3.819499397650361e-05,1.651677912637266e-05,2.4300010409206152e-05,8.700002217665315e-05,3.1100003980100155e-05,2.6874971808865666e-05,4.2100014979951084e-05,20.0,46.1,1.5525869752736796,42.0,48.0,46.0,45.75,47.0,20.0,64.0,0.0,64.0,64.0,64.0,64.0,64.0,20.0,0.0,0.0,0.0,0.0,0.0,0.0,0.0
merge_sort,medio,64,20.0,0.000159145003999535,6.033931825026339e-05,0.000110599969048,0.0003729000454768,0.0001455499732401,0.000119324991828725,0.000173375039594225,20.0,304.4,3.168928093718425,299.0,309.0,304.0,302.0,307.25,20.0,384.0,0.0,384.0,384.0,384.0,384.0,384.0,20.0,0.0,0.0,0.0,0.0,0.0,0.0,0.0
merge_sort,medio,256,20.0,0.00086077499727248,0.0001254338532335568,0.0005762000218965,0.0010876999585889,0.0008871000027283499,0.0008471000182907751,0.000931549962842775,20.0,1726.6,7.923316689898307,1709.0,1738.0,1727.5,1722.0,1732.75,20.0,2048.0,0.0,2048.0,2048.0,2048.0,2048.0,2048.0,20.0,0.0,0.0,0.0,0.0,0.0,0.0,0.0
merge_sort,medio,1024,20.0,0.0035194600030080897,0.000714242906310424,0.0030536000267602,0.0058201999636366,0.0032078499789348998,0.00313120003556825,0.0034961999917868247,20.0,8952.55,19.508365277220786,8916.0,8986.0,8951.5,8942.0,8966.5,20.0,10240.0,0.0,10240.0,10240.0,10240.0,10240.0,10240.0,20.0,0.00234375,0.005724180445820676,0.0,0.015625,0.0,0.0,0.0
merge_sort,medio,4096,20.0,0.014878470005351063,0.0008044106549200927,0.0138750000041909,0.0173580000409856,0.01464750000741325,0.014431400006287726,0.015048150031361675,20.0,43989.0,30.136531424764023,43939.0,44057.0,43986.0,43969.25,44000.5,20.0,49152.0,0.0,49152.0,49152.0,49152.0,49152.0,49152.0,20.0,0.01328125,0.005724180445820676,0.0,0.015625,0.015625,0.015625,0.015625
merge_sort,medio,16384,20.0,0.07524077000271061,0.013501672807697726,0.0634798000101,0.1168147000134922,0.07041224997374225,0.0680499000009149,0.07282112503889947,20.0,208670.05,60.4652792931613,208583.0,208788.0,208689.5,208611.5,208710.0,20.0,229376.0,0.0,229376.0,229376.0,229376.0,229376.0,229376.0,20.0,0.07109375,0.014758019396692697,0.046875,0.109375,0.0625,0.0625,0.078125
merge_sort,medio,65536,20.0,0.288564704998862,0.01911486076899857,0.2645374999847263,0.3419351000338793,0.2855676999897696,0.2747819500073092,0.29450470001029316,20.0,965687.35,172.6009315703347,965301.0,965982.0,965678.0,965590.5,965814.0,20.0,1048576.0,0.0,1048576.0,1048576.0,1048576.0,1048576.0,1048576.0,20.0,0.28359375,0.018470365444978414,0.25,0.328125,0.28125,0.265625,0.296875
merge_sort,medio,262144,20.0,1.2513086300052236,0.09608004771762596,1.1676094000576995,1.4984182000043802,1.2116786500264425,1.1843614500103286,1.2879571250232402,20.0,4387176.9,327.30959109236727,4386618.0,4387864.0,4387158.5,4386945.25,4387410.5,20.0,4718592.0,0.0,4718592.0,4718592.0,4718592.0,4718592.0,4718592.0,20.0,1.2421875,0.09409202959281268,1.15625,1.484375,1.1953125,1.171875,1.28125
merge_sort,medio,1048576,20.0,5.719273204999626,0.17523722017546484,5.539925400051288,6.282455799984746,5.686315799976001,5.595205299992813,5.75720334998914,20.0,19645716.2,878.7429778112776,19643925.0,19647172.0,19645727.0,19645104.0,19646202.5,20.0,20971520.0,0.0,20971520.0,20971520.0,20971520.0,20971520.0,20971520.0,20.0,5.62109375,0.17843168139651333,5.4375,6.21875,5.5625,5.53125,5.6796875
merge_sort,melhor,1,20.0,9.645000682212413e-06,1.2037722171549817e-05,3.100023604929447e-06,5.500001134350896e-05,4.949979484081268e-06,4.500034265220165e-06,8.674993296153843e-06,20.0,0.0,0.0,0.0,0.0,0.0,0.0,0.0,20.0,0.0,0.0,0.0,0.0,0.0,0.0,0.0,20.0,0.0,0.0,0.0,0.0,0.0,0.0,0.0
merge_sort,melhor,4,20.0,1.2135008000768721e-05,5.78484952401495e-06,7.299997378140688e-06,3.060000017285347e-05,9.800016414374111e-06,8.950009942054749e-06,1.2075019185431302e-05,20.0,4.0,0.0,4.0,4.0,4.0,4.0,4.0,20.0,8.0,0.0,8.0,8.0,8.0,8.0,8.0,20.0,0.0,0.0,0.0,0.0,0.0,0.0,0.0
merge_sort,melhor,16,20.0,3.694499901029926e-05,3.175300132064313e-05,2.139998832717538e-05,0.0001603999990038,2.535001840442419e-05,2.3774991859681904e-05,3.0525028705596924e-05,20.0,32.0,0.0,32.0,32.0,32.0,32.0,32.0,20.0,64.0,0.0,64.0,64.0,64.0,64.0,64.0,20.0,0.0,0.0,0.0,0.0,0.0,0.0,0.0
merge_sort,melhor,64,20.0,0.00010686500754671258,2.8527814909905973e-05,9.210000280290842e-05,0.0002098000259138,9.79999895207584e-05,9.392501669935882e-05,0.000102549980510925,20.0,192.0,0.0,192.0,192.0,192.0,192.0,192.0,20.0,384.0,0.0,384.0,384.0,384.0,384.0,384.0,20.0,0.0,0.0,0.0,0.0,0.0,0.0,0.0
merge_sort,melhor,256,20.0,0.00048962000291789,8.979834381312258e-05,0.0004251999780535,0.0007148000295273,0.0004424499929882,0.00043217498750885,0.000511975013068825,20.0,1024.0,0.0,1024.0,1024.0,1024.0,1024.0,1024.0,20.0,2048.0,0.0,2048.0,2048.0,2048.0,2048.0,2048.0,20.0,0.0,0.0,0.0,0.0,0.0,0.0,0.0
merge_sort,melhor,1024,20.0,0.002503500008606295,0.0004346160890578694,0.0021506000193767,0.0035536999930627,0.00226439998368725,0.00220120002632025,0.0026994749787263,20.0,5120.0,0.0,5120.0,5120.0,5120.0,5120.0,5120.0,20.0,10240.0,0.0,10240.0,10240.0,10240.0,10240.0,10240.0,20.0,0.003125,0.006412364700532214,0.0,0.015625,0.0,0.0,0.0
merge_sort,melhor,4096,20.0,0.01120826500409744,0.0011827371163876809,0.010369699972216,0.015454199980013,0.0108276499959174,0.0105811249959515,0.011491725032101326,20.0,24576.0,0.0,24576.0,24576.0,24576.0,24576.0,24576.0,20.0,49152.0,0.0,49152.0,49152.0,49152.0,49152.0,49152.0,20.0,0.009375,0.007853510780469291,0.0,0.015625,0.015625,0.0,0.015625
merge_sort,melhor,16384,20.0,0.06787800499587317,0.08675299740942942,0.0447874999954365,0.4357030999963172,0.0466672499896958,0.046121599982143296,0.04836734998389145,20.0,114688.0,0.0,114688.0,114688.0,114688.0,114688.0,114688.0,20.0,229376.0,0.0,229376.0,229376.0,229376.0,229376.0,229376.0,20.0,0.06484375,0.0806778628718299,0.03125,0.40625,0.046875,0.046875,0.046875
merge_sort,melhor,65536,20.0,0.21588085499824952,0.011988005255776332,0.2003601000178605,0.2518597999587655,0.21608474999084132,0.20768457502708762,0.2206498999876203,20.0,524288.0,0.0,524288.0,524288.0,524288.0,524288.0,524288.0,20.0,1048576.0,0.0,1048576.0,1048576.0,1048576.0,1048576.0,1048576.0,20.0,0.20234375,0.014758019396692698,0.171875,0.234375,0.203125,0.1875,0.20703125
merge_sort,melhor,262144,20.0,0.9095524750009645,0.076739377488688,0.8127018999657594,1.1477465000352822,0.8839472499676049,0.8605961749999551,0.9305610500305191,20.0,2359296.0,0.0,2359296.0,2359296.0,2359296.0,2359296.0,2359296.0,20.0,4718592.0,0.0,4718592.0,4718592.0,4718592.0,4718592.0,4718592.0,20.0,0.88984375,0.061353589563306166,0.8125,1.03125,0.8828125,0.83984375,0.90625
merge_sort,melhor,1048576,20.0,3.8579308249987663,0.14549492524488705,3.6009324999758974,4.300291399995331,3.8323264999780804,3.783302250027191,3.8938074500038056,20.0,10485760.0,0.0,10485760.0,10485760.0,10485760.0,10485760.0,10485760.0,20.0,20971520.0,0.0,20971520.0,20971520.0,20971520.0,20971520.0,20971520.0,20.0,3.77890625,0.1448359829788873,3.515625,4.234375,3.765625,3.7109375,3.83203125
merge_sort,pior,1,20.0,0.00036140500451437783,0.0015794712841818467,3.8000289350748062e-06,0.0070718000060878,6.54999166727066e-06,4.3749751057475805e-06,1.0774980182759464e-05,20.0,0.0,0.0,0.0,0.0,0.0,0.0,0.0,20.0,0.0,0.0,0.0,0.0,0.0,0.0,0.0,20.0,0.00078125,0.003493856214843421,0.0,0.015625,0.0,0.0,0.0
merge_sort,pior,4,20.0,1.3065003440715372e-05,5.592410426051319e-06,6.89999433234334e-06,2.500001573935151e-05,1.0749994544312358e-05,8.350005373358727e-06,1.7225014744326472e-05,20.0,4.0,0.0,4.0,4.0,4.0,4.0,4.0,20.0,8.0,0.0,8.0,8.0,8.0,8.0,8.0,20.0,0.0,0.0,0.0,0.0,0.0,0.0,0.0
merge_sort,pior,16,20.0,2.9065003036521376e-05,1.1487400147945757e-05,2.079998375847936e-05,7.190002361312509e-05,2.5399989681318402e-05,2.350000431761146e-05,2.8500027838163074e-05,20.0,32.0,0.0,32.0,32.0,32.0,32.0,32.0,20.0,64.0,0.0,64.0,64.0,64.0,64.0,64.0,20.0,0.0,0.0,0.0,0.0,0.0,0.0,0.0
merge_sort,pior,64,20.0,0.00012742498947770678,5.4680936304755155e-05,9.250000584870576e-05,0.0003112999838776,9.90999978967011e-05,9.642497752793133e-05,0.000143974975799175,20.0,192.0,0.0,192.0,192.0,192.0,192.0,192.0,20.0,384.0,0.0,384.0,384.0,384.0,384.0,384.0,20.0,0.0,0.0,0.0,0.0,0.0,0.0,0.0
merge_sort,pior,256,20.0,0.000549789998331055,0.00014676619855830028,0.0004303000168874,0.0009644999518059,0.0004794000124093,0.00045369996223595,0.000620475024334125,20.0,1024.0,0.0,1024.0,1024.0,1024.0,1024.0,1024.0,20.0,2048.0,0.0,2048.0,2048.0,2048.0,2048.0,2048.0,20.0,0.00078125,0.003493856214843421,0.0,0.015625,0.0,0.0,0.0
merge_sort,pior,1024,20.0,0.0033058449858799147,0.003459508198347647,0.0021715000038966,0.0179421999491751,0.0024314999755005997,0.002307699978700775,0.002721200013183925,20.0,5120.0,0.0,5120.0,5120.0,5120.0,5120.0,5120.0,20.0,10240.0,0.0,10240.0,10240.0,10240.0,10240.0,10240.0,20.0,0.00234375,0.005724180445820676,0.0,0.015625,0.0,0.0,0.0
merge_sort,pior,4096,20.0,0.011021680000703726,0.000594978339019072,0.0103172999806702,0.0124883000389672,0.01092230001813725,0.010557124987826601,0.01146029999654265,20.0,24576.0,0.0,24576.0,24576.0,24576.0,24576.0,24576.0,20.0,49152.0,0.0,49152.0,49152.0,49152.0,49152.0,49152.0,20.0,0.00859375,0.007975277898969383,0.0,0.015625,0.015625,0.0,0.015625
merge_sort,pior,16384,20.0,0.05835567500034809,0.010622521372386276,0.0484341999981552,0.0916778999962844,0.05433235000236885,0.05066812501172532,0.06350330001441759,20.0,114688.0,0.0,114688.0,114688.0,114688.0,114688.0,114688.0,20.0,229376.0,0.0,229376.0,229376.0,229376.0,229376.0,229376.0,20.0,0.05546875,0.014758019396692697,0.03125,0.09375,0.046875,0.046875,0.0625
merge_sort,pior,65536,20.0,0.2082749599998351,0.010339306561868673,0.1958895999705419,0.2338523999787867,0.20366904998081736,0.20174677498289384,0.2128755750018172,20.0,524288.0,0.0,524288.0,524288.0,524288.0,524288.0,524288.0,20.0,1048576.0,0.0,1048576.0,1048576.0,1048576.0,1048576.0,1048576.0,20.0,0.1984375,0.019035653010241484,0.140625,0.234375,0.203125,0.1875,0.203125
merge_sort,pior,262144,20.0,0.873340359996655,0.0865929047823457,0.8208180000074208,1.1721612999681383,0.8385138499725144,0.8323268749954877,0.8567880500195315,20.0,2359296.0,0.0,2359296.0,2359296.0,2359296.0,2359296.0,2359296.0,20.0,4718592.0,0.0,4718592.0,4718592.0,4718592.0,4718592.0,4718592.0,20.0,0.86015625,0.077791227804652,0.796875,1.109375,0.828125,0.8125,0.859375
merge_sort,pior,1048576,20.0,3.774273485012236,0.08680598611265546,3.601657100021839,3.95185270003276,3.7737615999940317,3.716957175027346,3.8328618000086863,20.0,10485760.0,0.0,10485760.0,10485760.0,10485760.0,10485760.0,10485760.0,20.0,20971520.0,0.0,20971520.0,20971520.0,20971520.0,20971520.0,20971520.0,20.0,3.7,0.07714850256076536,3.578125,3.875,3.6953125,3.640625,3.75
quick_sort,medio,1,20.0,0.0006503949960460835,0.0028469697177800467,3.0999653972685337e-06,0.0127453999593853,5.849986337125301e-06,4.475019522942603e-06,1.1899974197149277e-05,20.0,0.0,0.0,0.0,0.0,0.0,0.0,0.0,20.0,0.0,0.0,0.0,0.0,0.0,0.0,0.0,20.0,0.0,0.0,0.0,0.0,0.0,0.0,0.0
quick_sort,medio,4,20.0,1.3399997260421515e-05,5.874826941540732e-06,7.599999662488699e-06,3.3999967854470015e-05,1.1850002920255065e-05,9.700001101009548e-06,1.5425001038238406e-05,20.0,5.15,0.8127277008872492,4.0,6.0,5.0,4.75,6.0,20.0,7.15,1.954078056944394,5.0,11.0,7.0,5.0,8.25,20.0,0.0,0.0,0.0,0.0,0.0,0.0,0.0
quick_sort,medio,16,20.0,2.588500501587987e-05,5.95970397037461e-06,2.160004805773497e-05,4.899996565654874e-05,2.4100008886307478e-05,2.287501411046833e-05,2.6525027351453904e-05,20.0,50.85,6.830851068189781,40.0,62.0,49.5,46.75,57.25,20.0,47.5,7.323358447281439,37.0,64.0,48.0,41.0,51.25,20.0,0.0,0.0,0.0,0.0,0.0,0.0,0.0
quick_sort,medio,64,20.0,0.00010318499989806751,2.582517849356617e-05,8.559995330870152e-05,0.0001665000454522,9.05499910004437e-05,8.937498205341399e-05,9.842499275690779e-05,20.0,362.3,32.544867814336435,306.0,447.0,364.0,338.25,381.5,20.0,253.9,28.99528092275489,216.0,308.0,247.5,231.25,272.75,20.0,0.0,0.0,0.0,0.0,0.0,0.0,0.0
quick_sort,medio,256,20.0,0.0005200899933697149,0.00011538946896950267,0.0004321999731473,0.000800900044851,0.0004541499947663,0.00044067497947245,0.000552774989046075,20.0,2166.15,143.15809258887256,1867.0,2434.0,2192.5,2063.25,2273.75,20.0,1402.2,111.19664894609957,1183.0,1677.0,1416.5,1349.5,1454.75,20.0,0.0,0.0,0.0,0.0,0.0,0.0,0.0
quick_sort,medio,1024,20.0,0.0025955000019166094,0.00048308082041366354,0.0022491000127047,0.0044292000238783,0.0024138999870046496,0.00232774998585225,0.002669624984264325,20.0,11388.85,565.5613210737955,10233.0,12565.0,11319.5,11005.25,11753.0,20.0,7186.45,818.8988418345057,6361.0,9384.0,6887.0,6643.0,7348.75,20.0,0.0015625,0.00480927352539916,0.0,0.015625,0.0,0.0,0.0
quick_sort,medio,4096,20.0,0.011555459993542119,0.0008580712480977488,0.0101320999674499,0.0130450999713502,0.0116498499992303,0.010997250021318825,0.01207024998439005,20.0,57525.55,2980.8608165922033,52724.0,63336.0,57369.5,55633.75,59288.25,20.0,33832.85,2803.3437792637637,29089.0,39759.0,33586.0,31705.0,35165.75,20.0,0.0109375,0.007346286655962925,0.0,0.015625,0.015625,0.0,0.015625
quick_sort,medio,16384,20.0,0.053171560002374406,0.006790632977848062,0.0469834999530576,0.0730495000025257,0.051003100001253146,0.04869550000876183,0.05464477499481288,20.0,272451.8,10259.562613022365,256806.0,297093.0,268706.0,266147.75,275408.5,20.0,157810.6,8745.387851529755,141983.0,178650.0,159865.0,152785.75,162142.75,20.0,0.05078125,0.009979162088414142,0.03125,0.0625,0.046875,0.046875,0.0625
quick_sort,medio,65536,20.0,0.22731067500426433,0.037736549627026765,0.1959996999939903,0.3673488000058569,0.21626995000406163,0.20839559999876647,0.23045984999043867,20.0,1270842.95,46651.09692564356,1209142.0,1395653.0,1274951.5,1240712.0,1291403.0,20.0,726785.1,37103.89866293667,675788.0,813719.0,726558.0,692238.5,755061.5,20.0,0.22578125,0.03418570788144167,0.1875,0.34375,0.21875,0.203125,0.234375
quick_sort,medio,262144,20.0,1.0224855600099545,0.11198348874907131,0.9043667999794708,1.2560108000179753,0.9910794000315946,0.9189267000037945,1.1083358250034507,20.0,5832268.3,224222.76347796342,5522101.0,6329304.0,5778051.5,5697110.5,5897614.25,20.0,3281231.8,146214.51517569367,3034822.0,3599563.0,3265544.0,3165616.75,3378230.75,20.0,1.009375,0.111688410261952,0.875,1.25,0.984375,0.91796875,1.08203125
quick_sort,medio,1048576,20.0,4.9831786549999375,0.64695722865373,4.40658860001713,6.622533600020688,4.718029299983755,4.515615475000232,5.109221400009119,20.0,26006980.75,678175.7888804872,24825778.0,27429699.0,26117040.0,25533405.0,26440134.5,20.0,14482642.5,505337.139584581,13748566.0,15638080.0,14456745.0,14088504.75,14753618.5,20.0,4.9203125,0.6126640321439596,4.375,6.40625,4.6875,4.5078125,5.06640625
quick_sort,melhor,1,20.0,3.915003617294133e-06,2.031150455342784e-06,2.3999600671231747e-06,9.60001489147544e-06,3.249995643272996e-06,2.67497671302408e-06,4.0250306483358145e-06,20.0,0.0,0.0,0.0,0.0,0.0,0.0,0.0,20.0,0.0,0.0,0.0,0.0,0.0,0.0,0.0,20.0,0.0,0.0,0.0,0.0,0.0,0.0,0.0
quick_sort,melhor,4,20.0,3.902500902767744e-05,0.00010095799166059044,6.499991286545992e-06,0.0004657999961636,1.3200013199821115e-05,9.725015843287109e-06,2.152498927898705e-05,20.0,4.65,0.8750939799154207,4.0,6.0,4.0,4.0,5.25,20.0,6.75,1.6503588126605426,5.0,10.0,6.0,5.0,8.0,20.0,0.0,0.0,0.0,0.0,0.0,0.0,0.0
quick_sort,melhor,16,20.0,2.5459995958954097e-05,1.1112267165871049e-05,1.5700003132224083e-05,5.380000220611692e-05,2.055001095868647e-05,1.8625010852701962e-05,2.7425005100667477e-05,20.0,52.9,10.852600949469258,41.0,82.0,49.0,45.75,56.0,20.0,48.55,9.870077054037196,38.0,77.0,47.0,41.75,49.25,20.0,0.0,0.0,0.0,0.0,0.0,0.0,0.0
quick_sort,melhor,64,20.0,8.301000925711658e-05,2.2993940562830533e-05,6.67999847792089e-05,0.0001654000370763,7.525002001784742e-05,7.117500354070216e-05,8.047503069974482e-05,20.0,355.0,30.89029825553307,301.0,439.0,358.5,333.75,371.0,20.0,265.75,40.19672021184656,207.0,345.0,258.5,234.0,293.75,20.0,0.0,0.0,0.0,0.0,0.0,0.0,0.0
quick_sort,melhor,256,20.0,0.00038229999772733506,8.107393738166701e-05,0.0003092000260949,0.0006353000062517,0.00035875002504325005,0.00033502496080467503,0.00039040003321125,20.0,2111.15,177.7180721195645,1800.0,2416.0,2122.0,1994.5,2240.5,20.0,1464.25,158.15611041991988,1250.0,1736.0,1451.5,1339.5,1603.25,20.0,0.0,0.0,0.0,0.0,0.0,0.0,0.0
quick_sort,melhor,1024,20.0,0.0018242499994811999,0.00020662681332978285,0.0015800999826751,0.0023377999896183,0.0017841500230133,0.0016498500044689998,0.001956774969585225,20.0,11349.25,579.969134841175,10528.0,12294.0,11281.0,10864.75,11856.5,20.0,7161.2,756.0111806469253,6062.0,9005.0,7070.5,6644.25,7439.5,20.0,0.00078125,0.003493856214843421,0.0,0.015625,0.0,0.0,0.0
quick_sort,melhor,4096,20.0,0.008027130001573771,0.0007299477139044742,0.0069140000268816,0.0095725000137463,0.00802285000099795,0.0075121750123798,0.008488449981086825,20.0,57217.9,3434.175131174726,52412.0,65265.0,56889.5,54697.75,58689.75,20.0,34192.55,2628.7478403024393,30877.0,40383.0,33822.0,32147.5,35329.25,20.0,0.00546875,0.007646257577024888,0.0,0.015625,0.0,0.0,0.015625
quick_sort,melhor,16384,20.0,0.03566613000293724,0.0015095091300654302,0.0320792000275105,0.037810499954503,0.03588579996721815,0.03462427503836803,0.03665334997640455,20.0,270247.4,12364.215838671822,250329.0,300489.0,269694.0,260421.75,275375.5,20.0,155453.1,7717.781968661039,141704.0,168910.0,156600.0,150260.75,161235.5,20.0,0.03359375,0.009174108572068747,0.015625,0.046875,0.03125,0.03125,0.03515625
quick_sort,melhor,65536,20.0,0.1592399550019763,0.009869417578170949,0.1462088000262156,0.1807524000178091,0.1581074499990791,0.15208327496657142,0.16228514998510943,20.0,1256863.25,27961.892321467953,1218072.0,1318674.0,1258558.5,1233292.0,1272910.0,20.0,720628.3,36134.72345061785,676927.0,816702.0,710972.5,699984.0,736079.25,20.0,0.15625,0.013412423051233626,0.140625,0.1875,0.15625,0.140625,0.16015625
quick_sort,melhor,262144,20.0,0.7705906550050713,0.08334037991702563,0.6611084000323899,0.8958392000058666,0.7865764000162017,0.68545579999045,0.8523079249862349,20.0,5809019.95,141717.7086265714,5574243.0,6082721.0,5793334.0,5707683.5,5912665.75,20.0,3289658.0,165464.2004868027,2999464.0,3630783.0,3263443.5,3192859.0,3369439.25,20.0,0.75625,0.08443285053816435,0.625,0.890625,0.7578125,0.671875,0.84375
quick_sort,melhor,1048576,20.0,3.7018353199993728,0.14621687181232035,3.509305899962783,4.030164999945555,3.658426550013246,3.6068698250019224,3.759013999995659,20.0,26007396.45,889136.5739857419,24894638.0,28411499.0,25702481.5,25424193.5,26287208.25,20.0,14383428.35,681937.7460016556,13262961.0,16302035.0,14280226.0,13952852.75,14579089.5,20.0,3.6734375,0.14011236972985572,3.46875,3.96875,3.640625,3.58984375,3.73828125
quick_sort,pior,1,20.0,0.0004783249925821998,0.0020989655713932473,3.3999676816165447e-06,0.0093958000070415,7.950002327561378e-06,5.499983672052622e-06,9.774958016350865e-06,20.0,0.0,0.0,0.0,0.0,0.0,0.0,0.0,20.0,0.0,0.0,0.0,0.0,0.0,0.0,0.0,20.0,0.00078125,0.003493856214843421,0.0,0.015625,0.0,0.0,0.0
quick_sort,pior,4,20.0,1.8229993293061854e-05,1.6895724828075344e-05,8.700008038431406e-06,8.550001075491309e-05,1.3100012438371778e-05,1.157498627435416e-05,1.712497032713145e-05,20.0,4.4,0.7539370349250519,4.0,6.0,4.0,4.0,4.25,20.0,6.0,1.025978352085154,5.0,9.0,6.0,5.0,6.0,20.0,0.0,0.0,0.0,0.0,0.0,0.0,0.0
quick_sort,pior,16,20.0,3.5725004272535445e-05,1.248163894921398e-05,2.300000051036477e-05,6.989995017647743e-05,3.1100003980100155e-05,2.557500556576997e-05,4.30499785579741e-05,20.0,51.9,8.831164910939583,41.0,72.0,50.5,44.0,57.0,20.0,46.4,8.094182446281046,33.0,65.0,44.0,41.5,50.0,20.0,0.0,0.0,0.0,0.0,0.0,0.0,0.0
quick_sort,pior,64,20.0,0.00012083999463352761,3.5252461003071574e-05,8.339999476447701e-05,0.0002307999529875,0.00010669999755915,9.642499207984656e-05,0.00014257497969075001,20.0,365.1,33.043671262835126,302.0,427.0,363.5,343.5,394.0,20.0,262.8,37.59703235769099,217.0,347.0,256.5,235.75,277.75,20.0,0.0,0.0,0.0,0.0,0.0,0.0,0.0
quick_sort,pior,256,20.0,0.000521380006102805,0.00010286918320420336,0.0004172999761067,0.0008007999858818,0.00050075000035575,0.0004438750183908,0.000570475021959225,20.0,2115.75,165.92258023421329,1907.0,2567.0,2078.0,2008.5,2159.25,20.0,1369.8,192.4125501979645,1128.0,1892.0,1318.5,1267.25,1390.25,20.0,0.0,0.0,0.0,0.0,0.0,0.0,0.0
quick_sort,pior,1024,20.0,0.0024361450050491345,0.0001566052025852201,0.0022089999984018,0.0027721000369638,0.00242239999352015,0.002284249989315775,0.0025019000167958248,20.0,11448.4,574.4952384026942,10721.0,12878.0,11341.5,11002.0,11821.75,20.0,7104.15,595.7796550474185,6028.0,8190.0,7084.5,6937.25,7312.5,20.0,0.00078125,0.003493856214843421,0.0,0.015625,0.0,0.0,0.0
quick_sort,pior,4096,20.0,0.011384369988809295,0.0007784746873537955,0.0100510999909602,0.0128999999724328,0.0111521499929949,0.01079154998296865,0.0119777999789221,20.0,56650.35,3089.6343553889997,52262.0,63102.0,56403.5,54016.5,58294.0,20.0,33809.55,2573.9618954976168,30001.0,39836.0,33816.5,31902.0,34566.25,20.0,0.00859375,0.007975277898969383,0.0,0.015625,0.015625,0.0,0.015625
quick_sort,pior,16384,20.0,0.050933210004586685,0.007062619451953535,0.0457893999991938,0.0773373999982141,0.048914450017036856,0.046993200026918126,0.05131979995348952,20.0,272434.05,13278.826820702592,254782.0,310451.0,268094.5,263896.5,277708.25,20.0,157356.35,12350.996773220584,134470.0,184591.0,155203.5,149167.5,164697.25,20.0,0.0484375,0.010011301179956054,0.03125,0.078125,0.046875,0.046875,0.046875
quick_sort,pior,65536,20.0,0.20201856499479615,0.01152609140724861,0.190667399961967,0.2416014000191353,0.1987816500186454,0.19662240000616288,0.20405742499860927,20.0,1276157.95,62079.42761408247,1200222.0,1479272.0,1264399.0,1241278.75,1307466.5,20.0,729204.5,56430.562450445985,656836.0,932586.0,724551.5,703699.5,735143.25,20.0,0.1984375,0.01442782057619748,0.171875,0.234375,0.203125,0.1875,0.203125
quick_sort,pior,262144,20.0,0.8656853999942541,0.04447213848345797,0.8040754999965429,0.9741009999997914,0.849193700007163,0.8336322500108508,0.8989330500044161,20.0,5824783.6,174926.63387212247,5558671.0,6349491.0,5837082.5,5730261.25,5890576.5,20.0,3295214.5,199247.05550792703,2952430.0,3757525.0,3283131.0,3183156.0,3347609.25,20.0,0.85625,0.042595191382917494,0.796875,0.9375,0.84375,0.828125,0.890625
quick_sort,pior,1048576,20.0,3.7237112999951933,0.13030476845457648,3.4929942000308074,3.98561289999634,3.6929517499520443,3.641953524987912,3.808298874995671,20.0,25915489.8,802783.7655786861,24780194.0,27558398.0,25811369.5,25344052.0,26689101.75,20.0,14491655.8,712521.6959626821,13196701.0,15719732.0,14396232.0,13979323.0,15046060.5,20.0,3.69921875,0.13779825233666598,3.46875,3.984375,3.6484375,3.60546875,3.7890625
selection_sort,medio,1,20.0,2.6924998383033074e-05,0.00010065647214221909,1.8999562598764896e-06,0.0004544000257737,3.5499688237905502e-06,2.2000021999701858e-06,7.800001185387373e-06,20.0,0.0,0.0,0.0,0.0,0.0,0.0,0.0,20.0,0.0,0.0,0.0,0.0,0.0,0.0,0.0,20.0,0.0,0.0,0.0,0.0,0.0,0.0,0.0
selection_sort,medio,10,20.0,7.909999112598598e-06,5.052360041325229e-06,5.199981387704611e-06,2.800003858283162e-05,6.100017344579101e-06,5.774985766038299e-06,8.225004421547055e-06,20.0,45.0,0.0,45.0,45.0,45.0,45.0,45.0,20.0,7.15,1.2258187382102497,4.0,9.0,7.0,6.75,8.0,20.0,0.0,0.0,0.0,0.0,0.0,0.0,0.0
selection_sort,medio,50,20.0,9.42800019402011e-05,1.5103762197316737e-05,5.740002961829305e-05,0.0001335999695584,9.649997809901834e-05,9.247500565834343e-05,9.864999447017908e-05,20.0,1225.0,0.0,1225.0,1225.0,1225.0,1225.0,1225.0,20.0,45.3,1.490319640741189,43.0,48.0,45.0,45.0,46.25,20.0,0.0,0.0,0.0,0.0,0.0,0.0,0.0
selection_sort,medio,100,20.0,0.00037379000277719995,8.916831705826512e-05,0.0002096999669447,0.0006010000361129,0.00035200000274925004,0.0003421750152483,0.000384449987905075,20.0,4950.0,0.0,4950.0,4950.0,4950.0,4950.0,4950.0,20.0,94.8,1.542383664469075,92.0,97.0,95.0,93.75,96.0,20.0,0.0,0.0,0.0,0.0,0.0,0.0,0.0
selection_sort,medio,500,20.0,0.009579149994533461,0.002151343004145663,0.005773400014732,0.0133330000098794,0.00998075000825335,0.00879177500610235,0.011086974976933475,20.0,124750.0,0.0,124750.0,124750.0,124750.0,124750.0,124750.0,20.0,493.05,2.211810403980842,490.0,498.0,493.5,491.0,494.25,20.0,0.009375,0.007853510780469291,0.0,0.015625,0.015625,0.0,0.015625
selection_sort,medio,1000,20.0,0.0342881500080693,0.00569464922426119,0.0211409000330604,0.0450138000305742,0.03484705000300885,0.032488400043803205,0.03698537500167727,20.0,499500.0,0.0,499500.0,499500.0,499500.0,499500.0,499500.0,20.0,992.3,2.617753154701063,988.0,997.0,992.0,990.75,994.0,20.0,0.03203125,0.010723949080519681,0.015625,0.046875,0.03125,0.03125,0.03515625
selection_sort,medio,5000,20.0,0.6606257149978774,0.05482033746933029,0.5886329999775626,0.8328210999607109,0.6436707499960903,0.6274226750101661,0.6790063499793177,20.0,12497500.0,0.0,12497500.0,12497500.0,12497500.0,12497500.0,12497500.0,20.0,4991.75,2.3141441523584345,4986.0,4996.0,4992.0,4990.75,4993.0,20.0,0.64609375,0.04843219410667703,0.578125,0.78125,0.640625,0.625,0.66015625
selection_sort,medio,10000,20.0,2.4677778150100496,0.21208203269087972,2.155949599982705,2.889892500010319,2.3984267500054557,2.3438504000077955,2.5690152500319527,20.0,49995000.0,0.0,49995000.0,49995000.0,49995000.0,49995000.0,49995000.0,20.0,9991.7,3.229795496214648,9985.0,9997.0,9991.5,9989.75,9994.0,20.0,2.43125,0.20563354845452628,2.140625,2.859375,2.3671875,2.3046875,2.54296875
selection_sort,medio,20000,20.0,9.050851319995127,0.34292058406658094,8.538500299968291,9.653579900041224,9.037637300003553,8.769510299971444,9.246021375001874,20.0,199990000.0,0.0,199990000.0,199990000.0,199990000.0,199990000.0,199990000.0,20.0,19989.8,4.020997519600277,19983.0,19996.0,19990.0,19986.75,19992.5,20.0,8.9671875,0.3351917594825386,8.46875,9.5625,8.9375,8.703125,9.1640625
selection_sort,medio,50000,20.0,60.26570119000098,1.6320062097724877,57.77780270000221,63.386928499967325,60.02040074998513,59.23773112498748,61.33499319998373,20.0,1249975000.0,0.0,1249975000.0,1249975000.0,1249975000.0,1249975000.0,1249975000.0,20.0,49989.3,3.096687534158157,49984.0,49994.0,49989.0,49987.75,49992.0,20.0,59.82578125,1.5695586859192008,57.359375,62.859375,59.5,58.88671875,60.75390625
selection_sort,melhor,1,20.0,2.1089994697827785e-05,8.065608141280791e-05,1.800013706088066e-06,0.0003637000336311,2.500019036233425e-06,2.2499734768643975e-06,3.5749690141528845e-06,20.0,0.0,0.0,0.0,0.0,0.0,0.0,0.0,20.0,0.0,0.0,0.0,0.0,0.0,0.0,0.0,20.0,0.0,0.0,0.0,0.0,0.0,0.0,0.0
selection_sort,melhor,10,20.0,4.780001472681761e-06,5.925843892810356e-07,3.999972250312567e-06,6.89999433234334e-06,4.7000066842883825e-06,4.499976057559252e-06,4.899993655271828e-06,20.0,45.0,0.0,45.0,45.0,45.0,45.0,45.0,20.0,0.0,0.0,0.0,0.0,0.0,0.0,0.0,20.0,0.0,0.0,0.0,0.0,0.0,0.0,0.0
selection_sort,melhor,50,20.0,6.958500598556857e-05,2.6748996460103343e-05,4.640000406652689e-05,0.0001295999973081,5.225001950748265e-05,4.7850000555627055e-05,8.345003880094737e-05,20.0,1225.0,0.0,1225.0,1225.0,1225.0,1225.0,1225.0,20.0,0.0,0.0,0.0,0.0,0.0,0.0,0.0,20.0,0.0,0.0,0.0,0.0,0.0,0.0,0.0
selection_sort,melhor,100,20.0,0.00026466499839438004,0.00012567293592783796,0.0001745999907143,0.0006051000091247,0.00018870001076715,0.000177925016032475,0.000327199973980825,20.0,4950.0,0.0,4950.0,4950.0,4950.0,4950.0,4950.0,20.0,0.0,0.0,0.0,0.0,0.0,0.0,0.0,20.0,0.0,0.0,0.0,0.0,0.0,0.0,0.0
selection_sort,melhor,500,20.0,0.008474170000408728,0.0013258058121679269,0.0053528000134974,0.009786200011149,0.0089374000090174,0.00787844999285875,0.009248200018191675,20.0,124750.0,0.0,124750.0,124750.0,124750.0,124750.0,124750.0,20.0,0.0,0.0,0.0,0.0,0.0,0.0,0.0,20.0,0.00625,0.007853510780469291,0.0,0.015625,0.0,0.0,0.015625
selection_sort,melhor,1000,20.0,0.029675750009482672,0.005187795773286748,0.0202422000002115,0.037008200015407,0.02999170002294695,0.026865550025831873,0.0350532250158721,20.0,499500.0,0.0,499500.0,499500.0,499500.0,499500.0,499500.0,20.0,0.0,0.0,0.0,0.0,0.0,0.0,0.0,20.0,0.02578125,0.009174108572068747,0.015625,0.046875,0.03125,0.015625,0.03125
selection_sort,melhor,5000,20.0,0.6130571299989243,0.06264048729595864,0.5214044000022113,0.7495593000203371,0.6118196999887004,0.5675735500117298,0.6457151499926113,20.0,12497500.0,0.0,12497500.0,12497500.0,12497500.0,12497500.0,12497500.0,20.0,0.0,0.0,0.0,0.0,0.0,0.0,0.0,20.0,0.60078125,0.059869607149181873,0.515625,0.71875,0.59375,0.55859375,0.625
selection_sort,melhor,10000,20.0,2.3468361700040985,0.18734113319108503,2.053864200017415,2.677208699984476,2.3801371500303503,2.1941514250356704,2.4447013000026345,20.0,49995000.0,0.0,49995000.0,49995000.0,49995000.0,49995000.0,49995000.0,20.0,0.0,0.0,0.0,0.0,0.0,0.0,0.0,20.0,2.31484375,0.17312456951780034,2.03125,2.609375,2.3515625,2.16796875,2.3984375
selection_sort,melhor,20000,20.0,8.683709330004058,0.23269669204665558,8.37512229999993,9.176416200003588,8.644072249968303,8.526321800003643,8.879854024999077,20.0,199990000.0,0.0,199990000.0,199990000.0,199990000.0,199990000.0,199990000.0,20.0,0.0,0.0,0.0,0.0,0.0,0.0,0.0,20.0,8.621875,0.22978510054877477,8.265625,9.09375,8.5859375,8.46484375,8.78125
selection_sort,melhor,50000,20.0,56.86230056500354,3.4158230406124157,52.85937650001142,66.22773609997239,56.47953794998466,54.34969667502446,57.82910927501507,20.0,1249975000.0,0.0,1249975000.0,1249975000.0,1249975000.0,1249975000.0,1249975000.0,20.0,0.0,0.0,0.0,0.0,0.0,0.0,0.0,20.0,56.44062500000005,3.356608790731031,52.515625,65.71875,56.0859375,54.00390625,57.4296875
selection_sort,pior,1,20.0,1.896998728624979e-05,7.2976698540297e-05,1.6999547369778156e-06,0.0003290000022388,2.499960828572512e-06,2.3999600671231747e-06,2.8749636840075254e-06,20.0,0.0,0.0,0.0,0.0,0.0,0.0,0.0,20.0,0.0,0.0,0.0,0.0,0.0,0.0,0.0,20.0,0.0,0.0,0.0,0.0,0.0,0.0,0.0
selection_sort,pior,10,20.0,8.025008719414473e-06,4.166384744996285e-06,5.099980626255274e-06,1.8799968529492617e-05,6.449990905821323e-06,5.600042641162872e-06,7.750000804662704e-06,20.0,45.0,0.0,45.0,45.0,45.0,45.0,45.0,20.0,5.0,0.0,5.0,5.0,5.0,5.0,5.0,20.0,0.0,0.0,0.0,0.0,0.0,0.0,0.0
selection_sort,pior,50,20.0,8.240499591919486e-05,3.869696430463521e-05,5.830003647133708e-05,0.0001937999622896,6.185000529512763e-05,6.0475009377114475e-05,9.759997192303875e-05,20.0,1225.0,0.0,1225.0,1225.0,1225.0,1225.0,1225.0,20.0,25.0,0.0,25.0,25.0,25.0,25.0,25.0,20.0,0.0,0.0,0.0,0.0,0.0,0.0,0.0
selection_sort,pior,100,20.0,0.00026005500694731,6.087776810056508e-05,0.0002178999711759,0.0004078000201843,0.00023150001652534998,0.000225975018110975,0.000248274998739325,20.0,4950.0,0.0,4950.0,4950.0,4950.0,4950.0,4950.0,20.0,50.0,0.0,50.0,50.0,50.0,50.0,50.0,20.0,0.0,0.0,0.0,0.0,0.0,0.0,0.0
selection_sort,pior,500,20.0,0.0094870549975894,0.0018490531028697538,0.0055974000133574,0.0114639000385068,0.01002014998812225,0.009455324980081024,0.010738074983237275,20.0,124750.0,0.0,124750.0,124750.0,124750.0,124750.0,124750.0,20.0,250.0,0.0,250.0,250.0,250.0,250.0,250.0,20.0,0.009375,0.007853510780469291,0.0,0.015625,0.015625,0.0,0.015625
selection_sort,pior,1000,20.0,0.034800985001493194,0.007257426342887339,0.0236050999956205,0.0433693000231869,0.03875669999979435,0.0288125250372104,0.040304249982000245,20.0,499500.0,0.0,499500.0,499500.0,499500.0,499500.0,499500.0,20.0,500.0,0.0,500.0,500.0,500.0,500.0,500.0,20.0,0.03203125,0.011861791476816378,0.015625,0.046875,0.03125,0.02734375,0.046875
selection_sort,pior,5000,20.0,0.6873046999942745,0.07838073636720841,0.5588149999966845,0.8235327999573201,0.6815257499984,0.6366304750263225,0.7421487749670632,20.0,12497500.0,0.0,12497500.0,12497500.0,12497500.0,12497500.0,12497500.0,20.0,2500.0,0.0,2500.0,2500.0,2500.0,2500.0,2500.0,20.0,0.68046875,0.077791227804652,0.546875,0.8125,0.671875,0.640625,0.73828125
selection_sort,pior,10000,20.0,2.7225828800088494,0.18924732595365182,2.419567000004463,3.0838998000253923,2.662002500030212,2.6013360750075663,2.873430724997888,20.0,49995000.0,0.0,49995000.0,49995000.0,49995000.0,49995000.0,49995000.0,20.0,5000.0,0.0,5000.0,5000.0,5000.0,5000.0,5000.0,20.0,2.6875,0.18480797733550927,2.40625,3.078125,2.6328125,2.55859375,2.8125
selection_sort,pior,20000,20.0,10.628633495004033,0.45675673539341816,9.81282370002009,11.554772900009992,10.506963150022784,10.36510332499165,11.035636749991681,20.0,199990000.0,0.0,199990000.0,199990000.0,199990000.0,199990000.0,199990000.0,20.0,10000.0,0.0,10000.0,10000.0,10000.0,10000.0,10000.0,20.0,10.536718749999954,0.44947414793608853,9.765625,11.484375,10.4296875,10.265625,10.92578125
selection_sort,pior,50000,20.0,64.64267079999846,5.443672501947582,55.506103400024585,73.50435599999037,63.337040700018406,62.25033814999915,69.17560422496172,20.0,1249975000.0,0.0,1249975000.0,1249975000.0,1249975000.0,1249975000.0,1249975000.0,20.0,25000.0,0.0,25000.0,25000.0,25000.0,25000.0,25000.0,20.0,64.14218750000005,5.263351160616872,55.265625,72.78125,62.96875,61.703125,68.48828125
